timestamp,site_id,building_id,asset_id,asset_type,temperature,vibration,pressure,power_consumption,statistical_anomaly,isolation_forest_anomaly,autoencoder_anomaly,cluster_anomaly,change_point_signal,anomaly_score,severity,primary_reason
2026-01-01 09:30:00,SITE_01,BLDG_01,ASSET_001,Chiller,24.916,0.095,1.504,101.697,1,0,1,0,0,2,Watch,Excessive vibration
2026-01-07 14:45:00,SITE_01,BLDG_01,ASSET_001,Chiller,24.557,0.083,1.466,87.515,1,0,1,0,0,2,Watch,Excessive vibration
2026-01-08 13:15:00,SITE_01,BLDG_01,ASSET_001,Chiller,26.684,0.289,1.617,87.633,1,1,0,0,0,2,Watch,Excessive vibration
2026-01-08 13:30:00,SITE_01,BLDG_01,ASSET_001,Chiller,25.952,0.335,1.49,90.258,1,1,0,0,0,2,Watch,Excessive vibration
2026-01-08 13:45:00,SITE_01,BLDG_01,ASSET_001,Chiller,26.855,0.346,1.536,102.443,1,1,0,1,0,3,Anomaly,Excessive vibration
2026-01-08 14:00:00,SITE_01,BLDG_01,ASSET_001,Chiller,25.458,0.339,1.546,95.375,1,1,0,0,0,2,Watch,Excessive vibration
2026-01-08 14:15:00,SITE_01,BLDG_01,ASSET_001,Chiller,26.749,0.376,1.575,104.159,1,1,0,1,1,4,Critical,Excessive vibration
2026-01-08 14:30:00,SITE_01,BLDG_01,ASSET_001,Chiller,25.716,0.289,1.636,82.634,1,0,0,0,1,2,Watch,Excessive vibration
2026-01-08 14:45:00,SITE_01,BLDG_01,ASSET_001,Chiller,26.375,0.394,1.565,86.123,1,1,0,0,0,2,Watch,Excessive vibration
2026-01-08 15:00:00,SITE_01,BLDG_01,ASSET_001,Chiller,25.169,0.324,1.655,101.227,1,1,0,0,0,2,Watch,Excessive vibration
2026-01-08 15:15:00,SITE_01,BLDG_01,ASSET_001,Chiller,26.236,0.273,1.444,94.151,1,1,0,0,0,2,Watch,Excessive vibration
2026-01-08 15:30:00,SITE_01,BLDG_01,ASSET_001,Chiller,25.561,0.419,1.592,85.313,1,1,0,0,0,2,Watch,Excessive vibration
2026-01-08 15:45:00,SITE_01,BLDG_01,ASSET_001,Chiller,25.293,0.451,1.496,99.59,1,1,0,0,0,2,Watch,Excessive vibration
2026-01-08 16:00:00,SITE_01,BLDG_01,ASSET_001,Chiller,25.276,0.402,1.568,89.253,1,1,0,0,0,2,Watch,Excessive vibration
2026-01-08 16:15:00,SITE_01,BLDG_01,ASSET_001,Chiller,25.199,0.453,1.414,100.98,1,1,0,0,0,2,Watch,Excessive vibration
2026-01-08 16:30:00,SITE_01,BLDG_01,ASSET_001,Chiller,24.93,0.533,1.738,109.878,1,1,1,0,1,4,Critical,Excessive vibration
2026-01-08 16:45:00,SITE_01,BLDG_01,ASSET_001,Chiller,25.171,0.469,1.58,94.888,1,1,1,0,1,4,Critical,Excessive vibration
2026-01-08 17:00:00,SITE_01,BLDG_01,ASSET_001,Chiller,24.516,0.461,1.444,75.894,1,1,0,0,1,3,Anomaly,Excessive vibration
2026-01-08 17:15:00,SITE_01,BLDG_01,ASSET_001,Chiller,24.819,0.54,1.697,92.18,1,1,1,0,1,4,Critical,Excessive vibration
2026-01-08 17:30:00,SITE_01,BLDG_01,ASSET_001,Chiller,24.801,0.493,1.557,88.218,1,1,1,0,1,4,Critical,Excessive vibration
2026-01-08 17:45:00,SITE_01,BLDG_01,ASSET_001,Chiller,25.43,0.487,,87.947,1,1,0,0,0,2,Watch,Excessive vibration
2026-01-08 18:00:00,SITE_01,BLDG_01,ASSET_001,Chiller,24.303,0.488,1.591,97.349,1,1,1,0,0,3,Anomaly,Excessive vibration
2026-01-08 18:15:00,SITE_01,BLDG_01,ASSET_001,Chiller,25.899,0.439,1.713,91.439,1,1,1,0,0,3,Anomaly,Excessive vibration
2026-01-08 18:30:00,SITE_01,BLDG_01,ASSET_001,Chiller,23.581,0.387,1.675,86.951,1,1,1,0,0,3,Anomaly,Excessive vibration
2026-01-08 18:45:00,SITE_01,BLDG_01,ASSET_001,Chiller,24.646,0.505,1.449,92.016,1,1,1,0,0,3,Anomaly,Excessive vibration
2026-01-08 19:00:00,SITE_01,BLDG_01,ASSET_001,Chiller,22.566,0.614,1.652,10.149,1,1,1,0,0,3,Anomaly,Excessive vibration
2026-01-08 19:15:00,SITE_01,BLDG_01,ASSET_001,Chiller,23.785,0.457,1.55,11.031,1,1,1,0,0,3,Anomaly,Excessive vibration
2026-01-08 19:30:00,SITE_01,BLDG_01,ASSET_001,Chiller,25.078,0.431,1.493,56.269,1,1,0,0,0,2,Watch,Excessive vibration
2026-01-08 19:45:00,SITE_01,BLDG_01,ASSET_001,Chiller,23.788,0.419,1.557,9.475,1,1,1,0,0,3,Anomaly,Excessive vibration
2026-01-08 20:00:00,SITE_01,BLDG_01,ASSET_001,Chiller,22.416,0.651,1.609,53.158,1,1,0,0,0,2,Watch,Excessive vibration
2026-01-08 20:15:00,SITE_01,BLDG_01,ASSET_001,Chiller,23.543,0.72,1.572,11.445,1,1,1,0,0,3,Anomaly,Excessive vibration
2026-01-08 20:30:00,SITE_01,BLDG_01,ASSET_001,Chiller,23.012,0.67,1.638,9.848,1,1,1,0,0,3,Anomaly,Excessive vibration
2026-01-08 20:45:00,SITE_01,BLDG_01,ASSET_001,Chiller,24.035,0.463,1.676,13.669,1,0,1,0,0,2,Watch,Excessive vibration
2026-01-08 21:00:00,SITE_01,BLDG_01,ASSET_001,Chiller,22.07,0.667,1.603,15.315,1,1,1,0,0,3,Anomaly,Excessive vibration
2026-01-08 21:15:00,SITE_01,BLDG_01,ASSET_001,Chiller,22.945,0.606,1.688,9.23,1,1,1,0,0,3,Anomaly,Excessive vibration
2026-01-08 21:30:00,SITE_01,BLDG_01,ASSET_001,Chiller,21.538,0.733,1.725,12.894,1,1,1,0,0,3,Anomaly,Excessive vibration
2026-01-08 21:45:00,SITE_01,BLDG_01,ASSET_001,Chiller,23.956,0.641,1.548,10.997,1,1,1,0,0,3,Anomaly,Excessive vibration
2026-01-08 22:00:00,SITE_01,BLDG_01,ASSET_001,Chiller,23.318,0.768,1.812,12.218,1,1,1,0,0,3,Anomaly,Excessive vibration
2026-01-08 22:15:00,SITE_01,BLDG_01,ASSET_001,Chiller,21.884,0.816,1.692,12.113,1,1,1,0,0,3,Anomaly,Excessive vibration
2026-01-08 22:30:00,SITE_01,BLDG_01,ASSET_001,Chiller,22.239,0.493,1.734,10.895,1,1,1,0,0,3,Anomaly,Excessive vibration
2026-01-08 22:45:00,SITE_01,BLDG_01,ASSET_001,Chiller,23.593,0.469,1.646,10.226,1,1,1,0,0,3,Anomaly,Excessive vibration
2026-01-09 01:00:00,SITE_01,BLDG_01,ASSET_001,Chiller,20.527,0.25,1.58,52.134,0,1,1,0,0,2,Watch,Multivariate abnormal behavior
2026-01-11 10:30:00,SITE_01,BLDG_01,ASSET_001,Chiller,25.408,0.078,1.455,56.668,1,0,1,0,0,2,Watch,Excessive vibration
2026-01-14 08:45:00,SITE_01,BLDG_01,ASSET_001,Chiller,24.104,0.087,1.55,77.953,1,0,1,0,0,2,Watch,Excessive vibration
2026-01-15 08:00:00,SITE_01,BLDG_01,ASSET_001,Chiller,23.69,0.098,1.581,96.108,0,1,1,0,0,2,Watch,Multivariate abnormal behavior
2026-01-15 13:30:00,SITE_01,BLDG_01,ASSET_001,Chiller,25.121,0.19,1.432,226.81,1,1,1,0,0,3,Anomaly,Sudden power deviation
2026-01-16 09:45:00,SITE_01,BLDG_01,ASSET_001,Chiller,24.425,0.159,1.725,76.828,1,0,1,0,0,2,Watch,Abnormal pressure
2026-02-02 08:30:00,SITE_01,BLDG_01,ASSET_001,Chiller,24.229,0.268,1.407,82.568,1,1,0,0,0,2,Watch,Excessive vibration
2026-02-02 10:15:00,SITE_01,BLDG_01,ASSET_001,Chiller,25.839,0.353,1.511,97.847,1,1,0,0,0,2,Watch,Excessive vibration
2026-02-02 10:45:00,SITE_01,BLDG_01,ASSET_001,Chiller,26.965,0.317,1.657,94.239,1,1,0,0,0,2,Watch,Excessive vibration
2026-02-02 11:00:00,SITE_01,BLDG_01,ASSET_001,Chiller,26.029,0.33,1.629,108.325,1,1,0,1,0,3,Anomaly,Excessive vibration
2026-02-02 11:45:00,SITE_01,BLDG_01,ASSET_001,Chiller,25.502,0.417,1.502,87.234,1,1,0,0,0,2,Watch,Excessive vibration
2026-02-02 12:15:00,SITE_01,BLDG_01,ASSET_001,Chiller,27.706,0.412,1.623,87.939,1,1,0,1,0,3,Anomaly,Excessive vibration
2026-02-02 12:30:00,SITE_01,BLDG_01,ASSET_001,Chiller,26.242,0.44,1.576,90.666,1,1,0,0,0,2,Watch,Excessive vibration
2026-02-02 12:45:00,SITE_01,BLDG_01,ASSET_001,Chiller,27.432,0.421,1.516,81.376,1,1,0,0,1,3,Anomaly,Excessive vibration
2026-02-02 13:00:00,SITE_01,BLDG_01,ASSET_001,Chiller,26.184,0.351,1.436,95.358,1,1,0,1,0,3,Anomaly,Excessive vibration
2026-02-02 13:15:00,SITE_01,BLDG_01,ASSET_001,Chiller,26.897,0.448,1.618,98.408,1,1,0,0,0,2,Watch,Excessive vibration
2026-02-02 13:30:00,SITE_01,BLDG_01,ASSET_001,Chiller,27.13,0.493,1.539,105.719,1,1,0,0,0,2,Watch,Excessive vibration
2026-02-02 13:45:00,SITE_01,BLDG_01,ASSET_001,Chiller,27.908,0.348,1.555,102.369,1,1,0,0,0,2,Watch,Excessive vibration
2026-02-02 14:00:00,SITE_01,BLDG_01,ASSET_001,Chiller,25.619,0.467,1.478,105.868,1,1,0,0,0,2,Watch,Excessive vibration
2026-02-02 14:15:00,SITE_01,BLDG_01,ASSET_001,Chiller,27.05,0.446,1.605,99.709,1,1,0,0,0,2,Watch,Excessive vibration
2026-02-02 14:30:00,SITE_01,BLDG_01,ASSET_001,Chiller,27.67,0.569,1.629,93.086,1,1,1,0,0,3,Anomaly,Excessive vibration
2026-02-02 14:45:00,SITE_01,BLDG_01,ASSET_001,Chiller,27.323,0.49,1.515,101.466,1,1,0,1,0,3,Anomaly,Excessive vibration
2026-02-02 15:00:00,SITE_01,BLDG_01,ASSET_001,Chiller,27.045,0.61,1.353,107.562,1,1,1,0,0,3,Anomaly,Excessive vibration
2026-02-02 15:15:00,SITE_01,BLDG_01,ASSET_001,Chiller,24.968,0.499,1.697,89.225,1,1,1,0,0,3,Anomaly,Excessive vibration
2026-02-02 15:30:00,SITE_01,BLDG_01,ASSET_001,Chiller,25.461,0.526,1.484,102.02,1,1,1,0,0,3,Anomaly,Excessive vibration
2026-02-02 15:45:00,SITE_01,BLDG_01,ASSET_001,Chiller,26.357,0.6,1.54,95.302,1,1,1,0,0,3,Anomaly,Excessive vibration
2026-02-02 16:00:00,SITE_01,BLDG_01,ASSET_001,Chiller,25.62,0.489,1.691,95.623,1,1,1,0,0,3,Anomaly,Excessive vibration
2026-02-02 16:15:00,SITE_01,BLDG_01,ASSET_001,Chiller,25.339,0.609,1.457,88.708,1,1,1,0,0,3,Anomaly,Excessive vibration
2026-02-02 16:30:00,SITE_01,BLDG_01,ASSET_001,Chiller,26.28,0.647,1.759,114.248,1,1,1,1,0,4,Critical,Excessive vibration
2026-02-02 16:45:00,SITE_01,BLDG_01,ASSET_001,Chiller,26.458,0.437,1.536,79.038,1,1,1,0,0,3,Anomaly,Excessive vibration
2026-02-02 17:00:00,SITE_01,BLDG_01,ASSET_001,Chiller,26.271,0.611,,99.179,1,1,0,0,0,2,Watch,Excessive vibration
2026-02-02 17:15:00,SITE_01,BLDG_01,ASSET_001,Chiller,25.85,0.534,1.673,93.346,1,1,1,0,0,3,Anomaly,Excessive vibration
2026-02-02 17:30:00,SITE_01,BLDG_01,ASSET_001,Chiller,26.971,0.532,1.621,97.446,1,1,1,0,0,3,Anomaly,Excessive vibration
2026-02-02 17:45:00,SITE_01,BLDG_01,ASSET_001,Chiller,26.285,0.414,1.611,92.632,1,1,0,0,0,2,Watch,Excessive vibration
2026-02-02 18:00:00,SITE_01,BLDG_01,ASSET_001,Chiller,24.039,0.609,1.609,71.815,1,1,1,0,0,3,Anomaly,Excessive vibration
2026-02-02 18:15:00,SITE_01,BLDG_01,ASSET_001,Chiller,25.51,0.578,1.643,78.647,1,1,1,0,0,3,Anomaly,Excessive vibration
2026-02-02 18:30:00,SITE_01,BLDG_01,ASSET_001,Chiller,24.352,0.62,1.633,78.306,1,1,1,0,0,3,Anomaly,Excessive vibration
2026-02-02 18:45:00,SITE_01,BLDG_01,ASSET_001,Chiller,25.136,0.665,1.55,80.696,1,1,0,0,0,2,Watch,Excessive vibration
2026-02-02 19:00:00,SITE_01,BLDG_01,ASSET_001,Chiller,24.543,0.573,1.736,15.884,1,1,1,1,0,4,Critical,Excessive vibration
2026-02-02 19:15:00,SITE_01,BLDG_01,ASSET_001,Chiller,25.267,0.494,1.675,11.666,1,1,1,1,0,4,Critical,Excessive vibration
2026-02-02 19:30:00,SITE_01,BLDG_01,ASSET_001,Chiller,24.173,0.738,1.561,6.64,1,1,1,1,0,4,Critical,Excessive vibration
2026-02-02 19:45:00,SITE_01,BLDG_01,ASSET_001,Chiller,24.394,0.704,1.667,14.558,1,1,1,0,0,3,Anomaly,Excessive vibration
2026-02-12 08:00:00,SITE_01,BLDG_01,ASSET_001,Chiller,23.602,0.239,,92.48,0,1,1,0,0,2,Watch,Multivariate abnormal behavior
2026-02-15 12:15:00,SITE_01,BLDG_01,ASSET_001,Chiller,26.243,0.093,1.564,62.58,1,0,1,0,0,2,Watch,Excessive vibration
2026-02-16 10:45:00,SITE_01,BLDG_01,ASSET_001,Chiller,25.413,0.081,1.636,92.977,1,1,1,0,0,3,Anomaly,Excessive vibration
2026-02-16 18:00:00,SITE_01,BLDG_01,ASSET_001,Chiller,22.255,0.231,1.601,223.854,1,1,1,0,0,3,Anomaly,Sudden power deviation
2026-02-19 11:30:00,SITE_01,BLDG_01,ASSET_001,Chiller,25.397,0.205,1.276,187.537,1,1,1,1,0,4,Critical,Sudden power deviation
2026-02-26 17:00:00,SITE_01,BLDG_01,ASSET_001,Chiller,23.978,0.155,1.261,102.829,1,1,0,0,0,2,Watch,Abnormal pressure
2026-03-05 10:00:00,SITE_01,BLDG_01,ASSET_001,Chiller,25.566,0.143,1.793,94.459,1,0,1,0,0,2,Watch,Abnormal pressure
2026-03-09 21:00:00,SITE_01,BLDG_01,ASSET_001,Chiller,20.661,0.836,1.447,5.158,1,0,1,0,0,2,Watch,Excessive vibration
2026-03-11 19:30:00,SITE_01,BLDG_01,ASSET_001,Chiller,,0.091,1.593,8.576,1,1,0,0,0,2,Watch,Excessive vibration
2026-03-13 06:15:00,SITE_01,BLDG_01,ASSET_001,Chiller,23.246,0.291,1.682,51.736,1,0,1,0,0,2,Watch,Excessive vibration
2026-03-13 06:45:00,SITE_01,BLDG_01,ASSET_001,Chiller,23.025,0.265,1.545,10.044,1,0,0,0,1,2,Watch,Excessive vibration
2026-03-13 08:15:00,SITE_01,BLDG_01,ASSET_001,Chiller,25.648,0.438,1.539,93.811,1,1,0,0,0,2,Watch,Excessive vibration
2026-03-13 09:00:00,SITE_01,BLDG_01,ASSET_001,Chiller,25.234,0.331,1.594,100.358,1,1,0,0,0,2,Watch,Excessive vibration
2026-03-13 09:15:00,SITE_01,BLDG_01,ASSET_001,Chiller,25.672,0.467,1.694,91.685,1,0,1,0,1,3,Anomaly,Excessive vibration
2026-03-13 09:30:00,SITE_01,BLDG_01,ASSET_001,Chiller,25.682,0.457,1.573,104.261,1,1,0,0,0,2,Watch,Excessive vibration
2026-03-13 09:45:00,SITE_01,BLDG_01,ASSET_001,Chiller,25.568,0.392,1.411,86.643,1,1,0,0,0,2,Watch,Excessive vibration
2026-03-13 10:00:00,SITE_01,BLDG_01,ASSET_001,Chiller,27.757,0.432,1.456,89.686,1,1,0,0,0,2,Watch,Excessive vibration
2026-03-13 10:15:00,SITE_01,BLDG_01,ASSET_001,Chiller,26.57,0.437,1.629,110.775,1,1,0,0,0,2,Watch,Excessive vibration
2026-03-13 10:30:00,SITE_01,BLDG_01,ASSET_001,Chiller,27.029,0.518,1.605,100.41,1,1,1,1,0,4,Critical,Excessive vibration
2026-03-13 10:45:00,SITE_01,BLDG_01,ASSET_001,Chiller,26.92,0.474,1.537,105.058,1,1,0,0,0,2,Watch,Excessive vibration
2026-03-13 11:00:00,SITE_01,BLDG_01,ASSET_001,Chiller,27.228,0.562,1.655,95.301,1,1,1,0,0,3,Anomaly,Excessive vibration
2026-03-13 11:15:00,SITE_01,BLDG_01,ASSET_001,Chiller,27.917,0.417,1.602,105.191,1,1,0,0,0,2,Watch,Excessive vibration
2026-03-13 11:30:00,SITE_01,BLDG_01,ASSET_001,Chiller,27.198,0.449,1.695,114.851,1,1,0,0,0,2,Watch,Excessive vibration
2026-03-13 11:45:00,SITE_01,BLDG_01,ASSET_001,Chiller,29.533,0.531,1.445,114.927,1,1,0,0,0,2,Watch,Excessive vibration
2026-03-13 12:00:00,SITE_01,BLDG_01,ASSET_001,Chiller,26.943,0.576,1.44,107.698,1,1,1,0,0,3,Anomaly,Excessive vibration
2026-03-13 12:15:00,SITE_01,BLDG_01,ASSET_001,Chiller,26.74,0.555,1.535,105.51,1,1,1,0,0,3,Anomaly,Excessive vibration
2026-03-13 12:30:00,SITE_01,BLDG_01,ASSET_001,Chiller,27.866,0.487,1.737,109.966,1,1,1,0,0,3,Anomaly,Excessive vibration
2026-03-13 12:45:00,SITE_01,BLDG_01,ASSET_001,Chiller,27.306,0.462,1.594,100.359,1,1,0,0,0,2,Watch,Excessive vibration
2026-03-13 13:00:00,SITE_01,BLDG_01,ASSET_001,Chiller,28.302,0.399,1.634,110.421,1,1,0,0,0,2,Watch,Excessive vibration
2026-03-13 13:15:00,SITE_01,BLDG_01,ASSET_001,Chiller,28.39,0.576,1.507,104.868,1,1,1,0,0,3,Anomaly,Excessive vibration
2026-03-13 13:30:00,SITE_01,BLDG_01,ASSET_001,Chiller,28.502,0.627,1.636,105.422,1,1,1,0,0,3,Anomaly,Excessive vibration
2026-03-13 13:45:00,SITE_01,BLDG_01,ASSET_001,Chiller,26.898,0.63,1.628,106.125,1,1,1,0,0,3,Anomaly,Excessive vibration
2026-03-13 14:00:00,SITE_01,BLDG_01,ASSET_001,Chiller,27.72,0.688,1.754,95.095,1,1,1,1,0,4,Critical,Excessive vibration
2026-03-13 14:15:00,SITE_01,BLDG_01,ASSET_001,Chiller,26.931,0.789,1.539,94.091,1,1,1,0,0,3,Anomaly,Excessive vibration
2026-03-13 14:30:00,SITE_01,BLDG_01,ASSET_001,Chiller,29.397,0.424,1.599,99.011,1,1,0,1,0,3,Anomaly,Excessive vibration
2026-03-13 14:45:00,SITE_01,BLDG_01,ASSET_001,Chiller,26.976,0.559,1.779,101.881,1,1,1,0,0,3,Anomaly,Excessive vibration
2026-03-13 15:00:00,SITE_01,BLDG_01,ASSET_001,Chiller,26.978,0.696,1.68,85.115,1,1,1,0,0,3,Anomaly,Excessive vibration
2026-03-13 15:15:00,SITE_01,BLDG_01,ASSET_001,Chiller,27.598,0.542,1.557,116.055,1,1,0,0,0,2,Watch,Excessive vibration
2026-03-13 15:30:00,SITE_01,BLDG_01,ASSET_001,Chiller,28.533,0.574,1.733,119.398,1,1,1,0,0,3,Anomaly,Excessive vibration
2026-03-13 15:45:00,SITE_01,BLDG_01,ASSET_001,Chiller,28.546,0.734,1.707,100.704,1,1,1,0,0,3,Anomaly,Excessive vibration
2026-03-13 16:00:00,SITE_01,BLDG_01,ASSET_001,Chiller,29.237,0.858,1.729,105.724,1,1,1,0,0,3,Anomaly,Excessive vibration
2026-03-14 16:45:00,SITE_01,BLDG_01,ASSET_001,Chiller,23.786,0.146,1.849,49.239,1,0,1,0,0,2,Watch,Abnormal pressure
2026-03-18 13:45:00,SITE_01,BLDG_01,ASSET_001,Chiller,25.624,0.877,1.579,97.603,1,1,1,1,0,4,Critical,Excessive vibration
2026-03-20 18:45:00,SITE_01,BLDG_01,ASSET_001,Chiller,22.082,0.266,1.572,68.887,1,1,0,0,0,2,Watch,Excessive vibration
2026-03-23 14:00:00,SITE_01,BLDG_01,ASSET_001,Chiller,24.97,0.684,1.417,87.895,1,1,0,0,0,2,Watch,Excessive vibration
2026-01-15 20:30:00,SITE_01,BLDG_01,ASSET_002,AHU,19.432,0.124,0.677,7.614,1,0,1,0,0,2,Watch,Abnormal pressure
2026-01-18 16:30:00,SITE_01,BLDG_01,ASSET_002,AHU,22.27,0.462,1.145,14.766,1,0,1,0,0,2,Watch,Excessive vibration
2026-01-23 10:15:00,SITE_01,BLDG_01,ASSET_002,AHU,24.052,0.284,1.006,30.834,1,0,1,0,0,2,Watch,Excessive vibration
2026-01-23 10:30:00,SITE_01,BLDG_01,ASSET_002,AHU,23.497,0.176,,26.372,1,0,0,0,1,2,Watch,Excessive vibration
2026-01-23 12:30:00,SITE_01,BLDG_01,ASSET_002,AHU,24.11,0.225,0.981,31.284,1,0,0,0,1,2,Watch,Excessive vibration
2026-01-23 13:45:00,SITE_01,BLDG_01,ASSET_002,AHU,25.722,0.365,1.039,28.227,1,0,1,0,0,2,Watch,Excessive vibration
2026-01-23 14:15:00,SITE_01,BLDG_01,ASSET_002,AHU,25.466,0.399,1.024,30.065,1,0,1,0,0,2,Watch,Excessive vibration
2026-01-23 14:30:00,SITE_01,BLDG_01,ASSET_002,AHU,24.533,0.389,1.087,28.713,1,0,1,0,0,2,Watch,Excessive vibration
2026-01-23 14:45:00,SITE_01,BLDG_01,ASSET_002,AHU,25.296,0.434,0.868,30.853,1,0,1,0,0,2,Watch,Excessive vibration
2026-01-23 15:00:00,SITE_01,BLDG_01,ASSET_002,AHU,25.219,0.434,1.011,28.904,1,0,1,0,0,2,Watch,Excessive vibration
2026-01-23 15:30:00,SITE_01,BLDG_01,ASSET_002,AHU,24.009,0.439,0.919,34.526,1,0,1,0,0,2,Watch,Excessive vibration
2026-01-23 15:45:00,SITE_01,BLDG_01,ASSET_002,AHU,25.199,0.31,0.961,33.01,1,0,1,0,0,2,Watch,Excessive vibration
2026-01-23 16:00:00,SITE_01,BLDG_01,ASSET_002,AHU,23.655,0.393,1.199,30.632,1,1,1,0,0,3,Anomaly,Excessive vibration
2026-01-23 16:15:00,SITE_01,BLDG_01,ASSET_002,AHU,24.87,0.423,0.814,23.576,1,0,1,0,0,2,Watch,Excessive vibration
2026-01-23 17:15:00,SITE_01,BLDG_01,ASSET_002,AHU,23.127,0.499,1.11,21.073,1,1,1,1,0,4,Critical,Excessive vibration
2026-01-23 18:00:00,SITE_01,BLDG_01,ASSET_002,AHU,23.083,0.375,1.029,36.045,1,0,1,0,0,2,Watch,Excessive vibration
2026-01-29 04:30:00,SITE_01,BLDG_01,ASSET_002,AHU,19.956,0.191,0.845,10.753,1,0,0,0,1,2,Watch,Excessive vibration
2026-01-29 04:45:00,SITE_01,BLDG_01,ASSET_002,AHU,20.818,0.181,1.061,14.396,1,0,0,0,1,2,Watch,Excessive vibration
2026-01-29 05:00:00,SITE_01,BLDG_01,ASSET_002,AHU,21.366,0.158,1.138,15.846,1,0,0,0,1,2,Watch,Excessive vibration
2026-01-29 08:00:00,SITE_01,BLDG_01,ASSET_002,AHU,,0.308,1.022,29.963,1,0,1,0,0,2,Watch,Excessive vibration
2026-01-29 08:30:00,SITE_01,BLDG_01,ASSET_002,AHU,22.009,0.254,1.16,24.32,1,0,0,0,1,2,Watch,Excessive vibration
2026-01-29 09:15:00,SITE_01,BLDG_01,ASSET_002,AHU,22.33,0.349,1.096,31.864,1,0,1,0,0,2,Watch,Excessive vibration
2026-01-29 09:45:00,SITE_01,BLDG_01,ASSET_002,AHU,25.258,0.401,0.9,29.57,1,0,1,0,0,2,Watch,Excessive vibration
2026-01-29 10:00:00,SITE_01,BLDG_01,ASSET_002,AHU,24.464,0.33,0.916,30.475,1,0,1,0,0,2,Watch,Excessive vibration
2026-01-29 10:15:00,SITE_01,BLDG_01,ASSET_002,AHU,23.822,0.38,1.054,27.948,1,0,1,0,0,2,Watch,Excessive vibration
2026-01-29 10:30:00,SITE_01,BLDG_01,ASSET_002,AHU,25.387,0.301,1.091,29.991,1,0,1,0,0,2,Watch,Excessive vibration
2026-01-29 10:45:00,SITE_01,BLDG_01,ASSET_002,AHU,24.411,0.328,0.929,27.321,1,0,1,0,0,2,Watch,Excessive vibration
2026-01-29 11:00:00,SITE_01,BLDG_01,ASSET_002,AHU,25.719,0.272,0.961,38.678,1,0,1,0,0,2,Watch,Excessive vibration
2026-01-29 11:30:00,SITE_01,BLDG_01,ASSET_002,AHU,25.16,0.329,1.101,29.145,1,0,1,0,0,2,Watch,Excessive vibration
2026-01-29 11:45:00,SITE_01,BLDG_01,ASSET_002,AHU,25.313,0.485,0.994,28.975,1,1,1,0,0,3,Anomaly,Excessive vibration
2026-01-29 12:00:00,SITE_01,BLDG_01,ASSET_002,AHU,24.223,0.28,0.991,38.653,1,0,1,0,0,2,Watch,Excessive vibration
2026-01-29 12:15:00,SITE_01,BLDG_01,ASSET_002,AHU,24.816,0.502,1.153,27.671,1,1,1,0,0,3,Anomaly,Excessive vibration
2026-01-29 12:45:00,SITE_01,BLDG_01,ASSET_002,AHU,25.6,0.412,0.835,26.886,1,0,1,0,0,2,Watch,Excessive vibration
2026-01-29 13:00:00,SITE_01,BLDG_01,ASSET_002,AHU,25.238,0.487,1.07,35.349,1,1,1,0,0,3,Anomaly,Excessive vibration
2026-01-29 13:30:00,SITE_01,BLDG_01,ASSET_002,AHU,25.45,0.328,0.964,35.561,1,0,1,0,0,2,Watch,Excessive vibration
2026-02-02 16:15:00,SITE_01,BLDG_01,ASSET_002,AHU,23.074,0.448,0.897,22.647,1,0,1,0,0,2,Watch,Excessive vibration
2026-02-15 20:45:00,SITE_01,BLDG_01,ASSET_002,AHU,19.178,0.074,0.646,12.648,1,0,1,0,0,2,Watch,Abnormal pressure
2026-03-01 04:15:00,SITE_01,BLDG_01,ASSET_002,AHU,20.273,0.177,0.972,13.92,1,0,0,0,1,2,Watch,Excessive vibration
2026-03-01 06:15:00,SITE_01,BLDG_01,ASSET_002,AHU,21.73,0.297,0.85,10.258,1,0,0,0,1,2,Watch,Excessive vibration
2026-03-01 06:30:00,SITE_01,BLDG_01,ASSET_002,AHU,21.974,0.194,1.037,14.119,1,0,0,0,1,2,Watch,Excessive vibration
2026-03-01 10:15:00,SITE_01,BLDG_01,ASSET_002,AHU,24.996,0.339,0.933,12.062,1,0,1,0,0,2,Watch,Excessive vibration
2026-03-01 10:30:00,SITE_01,BLDG_01,ASSET_002,AHU,24.675,0.437,0.878,14.507,1,0,1,0,0,2,Watch,Excessive vibration
2026-03-01 11:00:00,SITE_01,BLDG_01,ASSET_002,AHU,24.976,0.436,0.954,15.315,1,0,1,0,0,2,Watch,Excessive vibration
2026-03-01 11:45:00,SITE_01,BLDG_01,ASSET_002,AHU,25.136,0.413,1.215,17.345,1,0,1,0,0,2,Watch,Excessive vibration
2026-03-01 12:00:00,SITE_01,BLDG_01,ASSET_002,AHU,25.972,0.435,0.908,17.714,1,0,1,0,0,2,Watch,Excessive vibration
2026-03-01 12:30:00,SITE_01,BLDG_01,ASSET_002,AHU,26.037,0.483,0.989,18.342,1,0,1,1,0,3,Anomaly,Excessive vibration
2026-03-01 13:00:00,SITE_01,BLDG_01,ASSET_002,AHU,25.052,0.545,1.022,20.335,1,1,1,1,0,4,Critical,Excessive vibration
2026-03-02 23:00:00,SITE_01,BLDG_01,ASSET_002,AHU,18.45,0.394,1.027,5.889,1,0,1,0,0,2,Watch,Excessive vibration
2026-03-10 23:30:00,SITE_01,BLDG_01,ASSET_002,AHU,17.225,0.066,0.633,13.402,1,0,1,0,0,2,Watch,Abnormal pressure
2026-03-23 09:00:00,SITE_01,BLDG_01,ASSET_002,AHU,24.114,0.096,1.282,25.469,1,0,0,0,1,2,Watch,Abnormal pressure
2026-01-13 07:15:00,SITE_01,BLDG_01,ASSET_003,AHU,24.433,0.028,0.703,13.134,1,0,1,0,0,2,Watch,Abnormal pressure
2026-01-18 13:00:00,SITE_01,BLDG_01,ASSET_003,AHU,27.002,0.25,0.903,16.257,1,0,0,0,1,2,Watch,Excessive vibration
2026-01-18 13:15:00,SITE_01,BLDG_01,ASSET_003,AHU,27.547,0.21,0.921,17.325,1,0,0,0,1,2,Watch,Excessive vibration
2026-01-18 13:30:00,SITE_01,BLDG_01,ASSET_003,AHU,27.103,0.238,1.067,14.885,1,0,0,0,1,2,Watch,Excessive vibration
2026-01-18 16:15:00,SITE_01,BLDG_01,ASSET_003,AHU,26.045,0.436,1.263,15.599,1,0,1,0,0,2,Watch,Excessive vibration
2026-01-18 17:00:00,SITE_01,BLDG_01,ASSET_003,AHU,25.723,0.46,0.955,19.574,1,0,1,0,0,2,Watch,Excessive vibration
2026-01-18 17:15:00,SITE_01,BLDG_01,ASSET_003,AHU,25.579,0.516,1.158,22.197,1,0,1,0,0,2,Watch,Excessive vibration
2026-01-18 17:30:00,SITE_01,BLDG_01,ASSET_003,AHU,26.156,0.517,1.193,15.519,1,1,1,0,0,3,Anomaly,Excessive vibration
2026-01-18 17:45:00,SITE_01,BLDG_01,ASSET_003,AHU,24.79,0.427,0.956,18.445,1,1,0,0,0,2,Watch,Excessive vibration
2026-01-18 18:15:00,SITE_01,BLDG_01,ASSET_003,AHU,23.861,0.423,0.868,18.688,1,1,0,0,0,2,Watch,Excessive vibration
2026-01-18 18:30:00,SITE_01,BLDG_01,ASSET_003,AHU,24.037,0.387,1.064,16.78,1,1,0,0,0,2,Watch,Excessive vibration
2026-02-18 06:30:00,SITE_01,BLDG_01,ASSET_003,AHU,23.198,0.241,1.013,18.978,1,0,0,0,1,2,Watch,Excessive vibration
2026-02-18 07:00:00,SITE_01,BLDG_01,ASSET_003,AHU,25.362,1.103,1.013,13.266,1,0,1,0,1,3,Anomaly,Excessive vibration
2026-02-18 07:15:00,SITE_01,BLDG_01,ASSET_003,AHU,25.057,0.316,0.919,8.734,1,0,1,0,1,3,Anomaly,Excessive vibration
2026-02-18 07:30:00,SITE_01,BLDG_01,ASSET_003,AHU,25.148,0.273,0.997,13.241,1,0,0,0,1,2,Watch,Excessive vibration
2026-02-18 07:45:00,SITE_01,BLDG_01,ASSET_003,AHU,24.995,0.241,0.958,17.113,1,0,0,0,1,2,Watch,Excessive vibration
2026-02-18 08:00:00,SITE_01,BLDG_01,ASSET_003,AHU,25.758,0.357,0.824,27.583,1,1,1,0,1,4,Critical,Excessive vibration
2026-02-18 08:15:00,SITE_01,BLDG_01,ASSET_003,AHU,25.919,0.262,1.042,35.55,1,0,1,0,0,2,Watch,Excessive vibration
2026-02-18 08:30:00,SITE_01,BLDG_01,ASSET_003,AHU,25.358,0.311,0.939,32.462,1,0,1,0,0,2,Watch,Excessive vibration
2026-02-18 09:30:00,SITE_01,BLDG_01,ASSET_003,AHU,27.277,0.372,0.961,25.643,1,1,1,0,0,3,Anomaly,Excessive vibration
2026-02-18 10:00:00,SITE_01,BLDG_01,ASSET_003,AHU,27.46,0.417,0.876,33.274,1,1,1,0,0,3,Anomaly,Excessive vibration
2026-02-18 10:15:00,SITE_01,BLDG_01,ASSET_003,AHU,27.358,0.27,0.927,32.81,1,0,1,0,0,2,Watch,Excessive vibration
2026-02-18 10:30:00,SITE_01,BLDG_01,ASSET_003,AHU,26.129,0.308,0.958,29.899,1,0,1,0,0,2,Watch,Excessive vibration
2026-02-18 10:45:00,SITE_01,BLDG_01,ASSET_003,AHU,27.285,0.4,0.975,30.228,1,1,1,0,0,3,Anomaly,Excessive vibration
2026-02-18 11:00:00,SITE_01,BLDG_01,ASSET_003,AHU,27.748,0.234,0.976,32.252,1,1,0,0,0,2,Watch,Excessive vibration
2026-02-18 11:15:00,SITE_01,BLDG_01,ASSET_003,AHU,28.007,0.435,0.966,23.988,1,1,1,0,0,3,Anomaly,Excessive vibration
2026-02-18 11:30:00,SITE_01,BLDG_01,ASSET_003,AHU,26.71,0.527,0.9,22.224,1,1,1,0,0,3,Anomaly,Excessive vibration
2026-02-18 11:45:00,SITE_01,BLDG_01,ASSET_003,AHU,27.809,0.506,0.771,29.356,1,1,1,0,0,3,Anomaly,Excessive vibration
2026-02-18 12:00:00,SITE_01,BLDG_01,ASSET_003,AHU,27.527,0.404,0.941,36.955,1,1,1,0,0,3,Anomaly,Excessive vibration
2026-02-18 12:15:00,SITE_01,BLDG_01,ASSET_003,AHU,28.729,0.509,1.135,30.489,1,1,1,0,0,3,Anomaly,Excessive vibration
2026-02-18 12:30:00,SITE_01,BLDG_01,ASSET_003,AHU,27.588,0.42,1.023,33.487,1,1,1,0,0,3,Anomaly,Excessive vibration
2026-02-18 12:45:00,SITE_01,BLDG_01,ASSET_003,AHU,27.442,0.284,0.988,27.038,1,1,0,0,0,2,Watch,Excessive vibration
2026-02-18 13:00:00,SITE_01,BLDG_01,ASSET_003,AHU,28.511,0.321,1.066,32.198,1,1,1,0,0,3,Anomaly,Excessive vibration
2026-02-18 13:15:00,SITE_01,BLDG_01,ASSET_003,AHU,27.086,0.348,1.015,25.79,1,1,1,0,0,3,Anomaly,Excessive vibration
2026-02-18 13:30:00,SITE_01,BLDG_01,ASSET_003,AHU,27.44,0.576,0.935,34.356,1,1,1,0,0,3,Anomaly,Excessive vibration
2026-02-22 03:45:00,SITE_01,BLDG_01,ASSET_003,AHU,21.313,0.47,1.085,14.85,1,0,1,0,0,2,Watch,Excessive vibration
2026-03-01 14:30:00,SITE_01,BLDG_01,ASSET_003,AHU,26.343,0.102,0.939,48.2,1,0,1,0,0,2,Watch,Sudden power deviation
2026-03-16 12:30:00,SITE_01,BLDG_01,ASSET_003,AHU,26.417,0.582,1.03,28.064,1,0,1,0,0,2,Watch,Excessive vibration
2026-03-22 10:00:00,SITE_01,BLDG_01,ASSET_003,AHU,26.338,0.223,0.992,20.291,1,0,0,0,1,2,Watch,Excessive vibration
2026-03-22 13:30:00,SITE_01,BLDG_01,ASSET_003,AHU,28.618,0.383,1.021,12.556,1,0,1,0,0,2,Watch,Excessive vibration
2026-03-22 14:00:00,SITE_01,BLDG_01,ASSET_003,AHU,27.95,0.427,1.018,16.799,1,0,1,0,0,2,Watch,Excessive vibration
2026-03-22 14:30:00,SITE_01,BLDG_01,ASSET_003,AHU,26.966,0.387,1.165,18.014,1,0,1,0,0,2,Watch,Excessive vibration
2026-03-22 15:15:00,SITE_01,BLDG_01,ASSET_003,AHU,26.297,0.44,1.227,20.407,1,0,1,0,0,2,Watch,Excessive vibration
2026-03-22 15:30:00,SITE_01,BLDG_01,ASSET_003,AHU,26.956,0.403,1.099,12.446,1,0,1,0,0,2,Watch,Excessive vibration
2026-03-22 15:45:00,SITE_01,BLDG_01,ASSET_003,AHU,26.111,0.518,0.994,13.853,1,1,1,0,0,3,Anomaly,Excessive vibration
2026-03-22 16:00:00,SITE_01,BLDG_01,ASSET_003,AHU,,0.493,1.061,18.86,1,0,1,0,0,2,Watch,Excessive vibration
2026-03-22 16:15:00,SITE_01,BLDG_01,ASSET_003,AHU,26.297,0.489,1.13,16.072,1,0,1,1,0,3,Anomaly,Excessive vibration
2026-03-22 16:30:00,SITE_01,BLDG_01,ASSET_003,AHU,26.355,0.529,1.049,17.965,1,1,1,1,0,4,Critical,Excessive vibration
2026-03-24 03:00:00,SITE_01,BLDG_01,ASSET_003,AHU,21.519,0.522,1.066,11.542,1,0,1,1,0,3,Anomaly,Excessive vibration
2026-03-26 07:00:00,SITE_01,BLDG_01,ASSET_003,AHU,24.152,0.032,0.703,10.246,1,0,1,0,0,2,Watch,Abnormal pressure
2026-01-05 15:45:00,SITE_01,BLDG_01,ASSET_004,Pump,25.071,0.342,4.813,11.127,1,1,0,0,0,2,Watch,Excessive vibration
2026-01-05 16:00:00,SITE_01,BLDG_01,ASSET_004,Pump,25.204,0.613,4.711,11.186,1,0,1,0,0,2,Watch,Excessive vibration
2026-01-07 20:45:00,SITE_01,BLDG_01,ASSET_004,Pump,21.187,0.175,3.946,3.33,1,0,1,0,0,2,Watch,Abnormal pressure
2026-01-08 14:00:00,SITE_01,BLDG_01,ASSET_004,Pump,25.488,0.228,3.897,18.645,1,0,1,0,0,2,Watch,Abnormal pressure
2026-01-16 13:15:00,SITE_01,BLDG_01,ASSET_004,Pump,25.947,0.21,3.916,15.603,1,0,1,0,0,2,Watch,Abnormal pressure
2026-01-16 16:45:00,SITE_01,BLDG_01,ASSET_004,Pump,24.829,1.322,4.222,10.383,1,1,1,0,0,3,Anomaly,Excessive vibration
2026-01-17 11:45:00,SITE_01,BLDG_01,ASSET_004,Pump,25.539,0.231,3.957,9.177,1,0,1,0,0,2,Watch,Abnormal pressure
2026-01-19 14:45:00,SITE_01,BLDG_01,ASSET_004,Pump,25.578,0.997,4.075,10.475,1,1,1,0,0,3,Anomaly,Excessive vibration
2026-01-20 10:45:00,SITE_01,BLDG_01,ASSET_004,Pump,25.699,0.101,4.281,13.58,1,0,1,0,0,2,Watch,Excessive vibration
2026-01-25 12:30:00,SITE_01,BLDG_01,ASSET_004,Pump,24.913,1.303,4.411,10.407,1,1,1,0,0,3,Anomaly,Excessive vibration
2026-01-29 11:30:00,SITE_01,BLDG_01,ASSET_004,Pump,26.593,0.13,3.977,9.356,0,1,1,0,0,2,Watch,Multivariate abnormal behavior
2026-01-30 16:00:00,SITE_01,BLDG_01,ASSET_004,Pump,25.379,0.345,4.424,13.779,1,1,0,0,0,2,Watch,Excessive vibration
2026-02-01 14:30:00,SITE_01,BLDG_01,ASSET_004,Pump,26.47,0.981,4.459,7.457,1,1,1,1,0,4,Critical,Excessive vibration
2026-02-06 16:30:00,SITE_01,BLDG_01,ASSET_004,Pump,24.634,0.211,4.805,32.531,1,0,1,0,0,2,Watch,Sudden power deviation
2026-02-06 16:45:00,SITE_01,BLDG_01,ASSET_004,Pump,24.983,0.242,4.62,25.825,1,0,1,0,0,2,Watch,Sudden power deviation
2026-02-08 18:00:00,SITE_01,BLDG_01,ASSET_004,Pump,23.33,0.201,4.343,25.106,1,0,1,0,0,2,Watch,Sudden power deviation
2026-02-12 16:00:00,SITE_01,BLDG_01,ASSET_004,Pump,24.931,0.215,4.571,30.528,1,0,1,0,0,2,Watch,Sudden power deviation
2026-02-13 01:15:00,SITE_01,BLDG_01,ASSET_004,Pump,20.358,1.282,4.803,6.927,1,0,1,0,0,2,Watch,Excessive vibration
2026-02-13 03:30:00,SITE_01,BLDG_01,ASSET_004,Pump,21.525,0.257,3.837,4.871,1,1,0,0,0,2,Watch,Abnormal pressure
2026-02-16 12:30:00,SITE_01,BLDG_01,ASSET_004,Pump,26.072,0.814,4.437,11.607,1,1,1,0,0,3,Anomaly,Excessive vibration
2026-02-19 01:00:00,SITE_01,BLDG_01,ASSET_004,Pump,19.875,0.198,3.957,1.795,1,0,1,0,0,2,Watch,Abnormal pressure
2026-02-22 09:30:00,SITE_01,BLDG_01,ASSET_004,Pump,25.509,0.204,3.935,8.461,1,0,1,0,0,2,Watch,Abnormal pressure
2026-02-24 18:30:00,SITE_01,BLDG_01,ASSET_004,Pump,23.609,1.426,4.455,9.071,1,1,1,0,0,3,Anomaly,Excessive vibration
2026-02-25 09:00:00,SITE_01,BLDG_01,ASSET_004,Pump,24.474,0.23,3.844,10.308,1,0,1,0,0,2,Watch,Abnormal pressure
2026-02-28 14:15:00,SITE_01,BLDG_01,ASSET_004,Pump,25.697,0.199,4.515,29.157,1,0,1,0,0,2,Watch,Sudden power deviation
2026-03-04 14:45:00,SITE_01,BLDG_01,ASSET_004,Pump,25.64,0.667,4.335,11.301,1,1,1,0,0,3,Anomaly,Excessive vibration
2026-03-09 14:00:00,SITE_01,BLDG_01,ASSET_004,Pump,25.198,1.575,4.515,8.636,1,1,1,0,0,3,Anomaly,Excessive vibration
2026-03-09 16:00:00,SITE_01,BLDG_01,ASSET_004,Pump,24.699,0.211,3.796,12.584,1,0,1,0,0,2,Watch,Abnormal pressure
2026-03-14 09:15:00,SITE_01,BLDG_01,ASSET_004,Pump,25.523,0.263,3.926,12.346,1,0,1,0,0,2,Watch,Abnormal pressure
2026-03-17 15:15:00,SITE_01,BLDG_01,ASSET_004,Pump,26.014,0.329,4.633,16.388,1,0,1,0,0,2,Watch,Excessive vibration
2026-03-17 21:45:00,SITE_01,BLDG_01,ASSET_004,Pump,20.57,0.169,3.945,3.988,1,0,1,0,0,2,Watch,Abnormal pressure
2026-03-18 14:00:00,SITE_01,BLDG_01,ASSET_004,Pump,25.719,0.147,3.878,11.406,1,0,1,0,0,2,Watch,Abnormal pressure
2026-03-18 15:45:00,SITE_01,BLDG_01,ASSET_004,Pump,25.589,0.214,3.943,14.09,1,0,1,0,0,2,Watch,Abnormal pressure
2026-03-21 14:30:00,SITE_01,BLDG_01,ASSET_004,Pump,24.896,1.231,4.367,7.857,1,0,1,0,0,2,Watch,Excessive vibration
2026-03-24 08:15:00,SITE_01,BLDG_01,ASSET_004,Pump,24.241,0.696,4.466,13.476,1,1,1,1,0,4,Critical,Excessive vibration
2026-03-25 07:45:00,SITE_01,BLDG_01,ASSET_004,Pump,23.737,0.532,4.796,2.092,1,0,1,0,0,2,Watch,Excessive vibration
2026-03-25 08:00:00,SITE_01,BLDG_01,ASSET_004,Pump,23.874,0.399,4.385,12.091,1,0,1,0,0,2,Watch,Excessive vibration
2026-03-25 08:15:00,SITE_01,BLDG_01,ASSET_004,Pump,24.163,0.508,5.008,10.747,1,1,1,0,0,3,Anomaly,Excessive vibration
2026-03-25 08:30:00,SITE_01,BLDG_01,ASSET_004,Pump,25.424,0.462,4.47,10.536,1,0,1,1,0,3,Anomaly,Excessive vibration
2026-03-25 08:45:00,SITE_01,BLDG_01,ASSET_004,Pump,24.659,0.537,4.519,12.023,1,0,1,0,1,3,Anomaly,Excessive vibration
2026-03-25 09:00:00,SITE_01,BLDG_01,ASSET_004,Pump,26.204,0.435,4.615,13.257,1,1,1,0,0,3,Anomaly,Excessive vibration
2026-03-25 09:15:00,SITE_01,BLDG_01,ASSET_004,Pump,24.61,0.474,4.915,14.387,1,0,1,0,0,2,Watch,Excessive vibration
2026-03-25 09:30:00,SITE_01,BLDG_01,ASSET_004,Pump,24.996,0.477,4.806,13.912,1,0,1,0,0,2,Watch,Excessive vibration
2026-03-25 09:45:00,SITE_01,BLDG_01,ASSET_004,Pump,,0.558,4.797,12.873,1,0,1,0,0,2,Watch,Excessive vibration
2026-03-25 10:00:00,SITE_01,BLDG_01,ASSET_004,Pump,24.783,0.608,4.666,11.983,1,1,1,0,0,3,Anomaly,Excessive vibration
2026-03-25 10:15:00,SITE_01,BLDG_01,ASSET_004,Pump,24.96,0.595,4.84,11.808,1,1,1,0,0,3,Anomaly,Excessive vibration
2026-03-25 10:30:00,SITE_01,BLDG_01,ASSET_004,Pump,26.204,0.592,5.187,15.641,1,1,1,0,0,3,Anomaly,Excessive vibration
2026-03-25 10:45:00,SITE_01,BLDG_01,ASSET_004,Pump,25.208,0.656,4.589,16.506,1,1,1,1,0,4,Critical,Excessive vibration
2026-03-25 11:00:00,SITE_01,BLDG_01,ASSET_004,Pump,25.936,0.438,4.52,10.278,1,1,1,0,0,3,Anomaly,Excessive vibration
2026-03-25 11:15:00,SITE_01,BLDG_01,ASSET_004,Pump,26.03,0.686,4.532,11.979,1,1,1,0,0,3,Anomaly,Excessive vibration
2026-03-25 11:30:00,SITE_01,BLDG_01,ASSET_004,Pump,25.563,0.693,4.779,16.356,1,1,1,0,0,3,Anomaly,Excessive vibration
2026-03-25 11:45:00,SITE_01,BLDG_01,ASSET_004,Pump,26.134,0.594,4.759,14.521,1,1,1,0,0,3,Anomaly,Excessive vibration
2026-03-25 12:00:00,SITE_01,BLDG_01,ASSET_004,Pump,25.805,0.766,4.907,20.224,1,1,1,0,0,3,Anomaly,Excessive vibration
2026-03-25 12:15:00,SITE_01,BLDG_01,ASSET_004,Pump,25.582,0.755,4.612,12.613,1,1,1,0,0,3,Anomaly,Excessive vibration
2026-03-25 12:30:00,SITE_01,BLDG_01,ASSET_004,Pump,25.893,0.829,5.021,14.744,1,1,1,0,0,3,Anomaly,Excessive vibration
2026-03-25 12:45:00,SITE_01,BLDG_01,ASSET_004,Pump,25.918,0.785,4.768,13.391,1,1,1,0,0,3,Anomaly,Excessive vibration
2026-03-25 13:00:00,SITE_01,BLDG_01,ASSET_004,Pump,24.778,0.741,4.708,12.792,1,1,1,0,0,3,Anomaly,Excessive vibration
2026-03-25 13:15:00,SITE_01,BLDG_01,ASSET_004,Pump,25.621,0.917,4.455,9.97,1,1,1,0,0,3,Anomaly,Excessive vibration
2026-03-25 13:30:00,SITE_01,BLDG_01,ASSET_004,Pump,25.618,0.608,4.929,11.057,1,1,1,0,0,3,Anomaly,Excessive vibration
2026-03-25 13:45:00,SITE_01,BLDG_01,ASSET_004,Pump,26.161,0.801,4.749,15.113,1,1,1,0,0,3,Anomaly,Excessive vibration
2026-03-25 14:00:00,SITE_01,BLDG_01,ASSET_004,Pump,25.24,0.749,4.449,14.691,1,1,1,0,0,3,Anomaly,Excessive vibration
2026-03-25 14:15:00,SITE_01,BLDG_01,ASSET_004,Pump,25.019,0.825,4.665,13.461,1,1,1,0,0,3,Anomaly,Excessive vibration
2026-03-25 14:30:00,SITE_01,BLDG_01,ASSET_004,Pump,25.165,0.618,4.832,13.358,1,1,1,0,0,3,Anomaly,Excessive vibration
2026-03-25 14:45:00,SITE_01,BLDG_01,ASSET_004,Pump,25.981,0.848,5.031,12.067,1,1,1,0,0,3,Anomaly,Excessive vibration
2026-03-25 15:00:00,SITE_01,BLDG_01,ASSET_004,Pump,24.889,1.006,5.061,15.463,1,1,1,0,0,3,Anomaly,Excessive vibration
2026-03-25 15:15:00,SITE_01,BLDG_01,ASSET_004,Pump,25.287,0.822,4.718,15.822,1,1,1,0,0,3,Anomaly,Excessive vibration
2026-03-25 15:30:00,SITE_01,BLDG_01,ASSET_004,Pump,25.373,0.88,4.711,12.728,1,1,1,0,0,3,Anomaly,Excessive vibration
2026-03-25 15:45:00,SITE_01,BLDG_01,ASSET_004,Pump,26.147,0.929,4.921,11.509,1,1,1,0,0,3,Anomaly,Excessive vibration
2026-03-26 19:15:00,SITE_01,BLDG_01,ASSET_004,Pump,22.19,0.753,4.745,3.285,1,1,1,0,0,3,Anomaly,Excessive vibration
2026-03-29 20:45:00,SITE_01,BLDG_01,ASSET_004,Pump,21.049,0.205,3.917,1.821,1,0,1,0,0,2,Watch,Abnormal pressure
2026-03-30 10:30:00,SITE_01,BLDG_01,ASSET_004,Pump,25.175,0.511,4.634,12.295,1,1,1,0,0,3,Anomaly,Excessive vibration
2026-01-06 15:00:00,SITE_01,BLDG_01,ASSET_005,Energy Meter,23.924,0.039,1.311,94.203,1,0,1,0,0,2,Watch,Abnormal pressure
2026-01-09 01:15:00,SITE_01,BLDG_01,ASSET_005,Energy Meter,18.258,0.427,1.11,62.538,1,1,0,0,0,2,Watch,Excessive vibration
2026-01-12 09:30:00,SITE_01,BLDG_01,ASSET_005,Energy Meter,23.062,0.075,1.084,263.92,1,0,1,0,0,2,Watch,Sudden power deviation
2026-01-16 14:30:00,SITE_01,BLDG_01,ASSET_005,Energy Meter,23.083,0.227,1.052,104.147,1,0,1,0,0,2,Watch,Excessive vibration
2026-01-16 14:45:00,SITE_01,BLDG_01,ASSET_005,Energy Meter,23.848,0.215,1.006,117.614,1,0,1,0,0,2,Watch,Excessive vibration
2026-01-16 15:00:00,SITE_01,BLDG_01,ASSET_005,Energy Meter,23.127,0.111,1.016,115.405,0,1,0,0,1,2,Watch,Behavior change / possible degradation
2026-01-16 15:45:00,SITE_01,BLDG_01,ASSET_005,Energy Meter,23.285,0.209,1.084,105.318,1,0,1,0,0,2,Watch,Excessive vibration
2026-01-16 16:00:00,SITE_01,BLDG_01,ASSET_005,Energy Meter,22.55,0.217,1.035,88.967,1,0,1,0,0,2,Watch,Excessive vibration
2026-01-16 16:15:00,SITE_01,BLDG_01,ASSET_005,Energy Meter,22.97,0.279,0.981,97.033,1,1,1,0,0,3,Anomaly,Excessive vibration
2026-01-16 16:45:00,SITE_01,BLDG_01,ASSET_005,Energy Meter,24.181,0.224,0.909,116.968,1,1,1,0,0,3,Anomaly,Excessive vibration
2026-01-16 17:00:00,SITE_01,BLDG_01,ASSET_005,Energy Meter,22.22,0.287,1.009,102.305,1,1,1,0,0,3,Anomaly,Excessive vibration
2026-01-16 17:15:00,SITE_01,BLDG_01,ASSET_005,Energy Meter,22.216,0.201,1.142,49.872,1,1,0,0,0,2,Watch,Excessive vibration
2026-01-16 17:30:00,SITE_01,BLDG_01,ASSET_005,Energy Meter,21.954,0.31,1.194,44.588,1,1,1,0,0,3,Anomaly,Excessive vibration
2026-01-16 17:45:00,SITE_01,BLDG_01,ASSET_005,Energy Meter,22.129,0.295,1.064,95.702,1,1,1,0,0,3,Anomaly,Excessive vibration
2026-01-16 18:00:00,SITE_01,BLDG_01,ASSET_005,Energy Meter,21.227,0.274,1.188,57.196,1,1,0,0,0,2,Watch,Excessive vibration
2026-01-16 18:15:00,SITE_01,BLDG_01,ASSET_005,Energy Meter,20.531,0.264,0.957,99.725,1,1,1,1,0,4,Critical,Excessive vibration
2026-01-16 18:30:00,SITE_01,BLDG_01,ASSET_005,Energy Meter,21.395,0.38,1.131,102.847,1,1,1,0,0,3,Anomaly,Excessive vibration
2026-01-16 18:45:00,SITE_01,BLDG_01,ASSET_005,Energy Meter,21.615,0.235,1.113,101.406,1,0,1,0,0,2,Watch,Excessive vibration
2026-01-16 19:00:00,SITE_01,BLDG_01,ASSET_005,Energy Meter,20.983,0.264,0.976,44.51,1,0,1,0,0,2,Watch,Excessive vibration
2026-01-16 19:15:00,SITE_01,BLDG_01,ASSET_005,Energy Meter,20.597,0.36,0.874,62.66,1,1,1,0,0,3,Anomaly,Excessive vibration
2026-01-16 19:30:00,SITE_01,BLDG_01,ASSET_005,Energy Meter,21.155,0.335,1.018,69.783,1,1,1,0,0,3,Anomaly,Excessive vibration
2026-01-16 19:45:00,SITE_01,BLDG_01,ASSET_005,Energy Meter,21.057,0.369,0.992,34.355,1,1,1,0,0,3,Anomaly,Excessive vibration
2026-01-16 20:00:00,SITE_01,BLDG_01,ASSET_005,Energy Meter,20.126,0.242,0.787,37.816,1,0,1,0,0,2,Watch,Excessive vibration
2026-01-16 20:30:00,SITE_01,BLDG_01,ASSET_005,Energy Meter,20.136,0.363,1.149,42.537,1,0,1,0,0,2,Watch,Excessive vibration
2026-01-16 20:45:00,SITE_01,BLDG_01,ASSET_005,Energy Meter,19.698,0.386,1.06,39.228,1,0,1,1,0,3,Anomaly,Excessive vibration
2026-01-16 21:00:00,SITE_01,BLDG_01,ASSET_005,Energy Meter,18.629,0.46,1.009,36.369,1,1,1,1,0,4,Critical,Excessive vibration
2026-01-16 21:15:00,SITE_01,BLDG_01,ASSET_005,Energy Meter,18.92,0.28,0.894,38.884,1,0,1,0,0,2,Watch,Excessive vibration
2026-01-16 21:30:00,SITE_01,BLDG_01,ASSET_005,Energy Meter,18.922,0.377,1.123,40.707,1,0,1,0,0,2,Watch,Excessive vibration
2026-01-16 21:45:00,SITE_01,BLDG_01,ASSET_005,Energy Meter,19.087,0.424,1.034,41.381,1,0,1,0,0,2,Watch,Excessive vibration
2026-01-16 22:00:00,SITE_01,BLDG_01,ASSET_005,Energy Meter,18.652,0.503,0.795,70.786,1,1,1,0,0,3,Anomaly,Excessive vibration
2026-01-16 22:15:00,SITE_01,BLDG_01,ASSET_005,Energy Meter,18.982,0.422,1.008,38.612,1,1,1,0,0,3,Anomaly,Excessive vibration
2026-01-16 22:45:00,SITE_01,BLDG_01,ASSET_005,Energy Meter,18.924,0.547,1.072,40.073,1,1,1,0,0,3,Anomaly,Excessive vibration
2026-01-16 23:00:00,SITE_01,BLDG_01,ASSET_005,Energy Meter,18.362,0.407,0.968,71.897,1,1,1,0,0,3,Anomaly,Excessive vibration
2026-01-16 23:15:00,SITE_01,BLDG_01,ASSET_005,Energy Meter,18.373,0.337,1.069,36.725,1,0,1,0,0,2,Watch,Excessive vibration
2026-01-19 10:45:00,SITE_01,BLDG_01,ASSET_005,Energy Meter,22.881,0.257,0.967,86.309,1,0,1,0,0,2,Watch,Excessive vibration
2026-01-27 15:30:00,SITE_01,BLDG_01,ASSET_005,Energy Meter,24.185,0.092,1.046,191.084,1,0,1,0,0,2,Watch,Sudden power deviation
2026-02-01 15:30:00,SITE_01,BLDG_01,ASSET_005,Energy Meter,23.499,0.376,0.99,62.442,1,0,1,0,0,2,Watch,Excessive vibration
2026-02-03 07:30:00,SITE_01,BLDG_01,ASSET_005,Energy Meter,22.346,0.073,0.655,58.289,1,0,1,0,0,2,Watch,Abnormal pressure
2026-02-04 01:00:00,SITE_01,BLDG_01,ASSET_005,Energy Meter,18.618,0.07,0.731,56.766,1,0,1,0,0,2,Watch,Abnormal pressure
2026-02-07 16:00:00,SITE_01,BLDG_01,ASSET_005,Energy Meter,22.892,0.089,1.146,169.278,0,0,1,1,0,2,Watch,Multivariate abnormal behavior
2026-02-09 19:45:00,SITE_01,BLDG_01,ASSET_005,Energy Meter,20.682,0.091,0.72,59.273,1,0,1,0,0,2,Watch,Abnormal pressure
2026-02-18 08:45:00,SITE_01,BLDG_01,ASSET_005,Energy Meter,23.917,0.166,0.908,103.13,1,1,0,0,0,2,Watch,Excessive vibration
2026-02-18 09:30:00,SITE_01,BLDG_01,ASSET_005,Energy Meter,23.909,0.199,0.863,104.115,1,0,1,0,0,2,Watch,Excessive vibration
2026-02-18 10:45:00,SITE_01,BLDG_01,ASSET_005,Energy Meter,23.936,0.2,0.893,102.757,1,0,1,0,0,2,Watch,Excessive vibration
2026-02-18 11:00:00,SITE_01,BLDG_01,ASSET_005,Energy Meter,24.135,0.185,0.831,114.041,1,0,1,0,0,2,Watch,Excessive vibration
2026-02-18 11:30:00,SITE_01,BLDG_01,ASSET_005,Energy Meter,23.984,0.266,0.954,98.872,1,0,1,0,0,2,Watch,Excessive vibration
2026-02-18 11:45:00,SITE_01,BLDG_01,ASSET_005,Energy Meter,24.363,0.2,0.905,116.135,1,0,1,0,1,3,Anomaly,Excessive vibration
2026-02-18 12:00:00,SITE_01,BLDG_01,ASSET_005,Energy Meter,24.597,0.293,1.113,124.639,1,1,1,0,0,3,Anomaly,Excessive vibration
2026-02-18 12:15:00,SITE_01,BLDG_01,ASSET_005,Energy Meter,23.255,0.219,1.123,119.582,1,0,0,0,1,2,Watch,Excessive vibration
2026-02-18 12:30:00,SITE_01,BLDG_01,ASSET_005,Energy Meter,24.729,0.378,1.039,118.73,1,1,1,0,1,4,Critical,Excessive vibration
2026-02-18 12:45:00,SITE_01,BLDG_01,ASSET_005,Energy Meter,23.715,0.202,0.989,107.307,1,0,1,0,1,3,Anomaly,Excessive vibration
2026-02-18 13:00:00,SITE_01,BLDG_01,ASSET_005,Energy Meter,24.158,0.335,0.992,117.323,1,1,1,1,1,5,Critical,Excessive vibration
2026-02-18 13:15:00,SITE_01,BLDG_01,ASSET_005,Energy Meter,24.919,0.258,1.008,103.35,1,1,1,0,0,3,Anomaly,Excessive vibration
2026-02-18 13:30:00,SITE_01,BLDG_01,ASSET_005,Energy Meter,24.838,0.326,0.99,123.017,1,1,1,0,0,3,Anomaly,Excessive vibration
2026-02-18 13:45:00,SITE_01,BLDG_01,ASSET_005,Energy Meter,24.017,0.23,1.058,125.423,1,1,1,0,0,3,Anomaly,Excessive vibration
2026-02-18 14:00:00,SITE_01,BLDG_01,ASSET_005,Energy Meter,22.775,0.282,0.971,100.355,1,1,1,0,0,3,Anomaly,Excessive vibration
2026-02-18 14:15:00,SITE_01,BLDG_01,ASSET_005,Energy Meter,,0.254,1.07,98.294,1,0,1,0,0,2,Watch,Excessive vibration
2026-02-18 14:30:00,SITE_01,BLDG_01,ASSET_005,Energy Meter,25.113,0.368,1.007,99.3,1,1,1,0,0,3,Anomaly,Excessive vibration
2026-02-18 14:45:00,SITE_01,BLDG_01,ASSET_005,Energy Meter,24.383,0.285,1.196,123.23,1,1,1,1,0,4,Critical,Excessive vibration
2026-02-18 15:00:00,SITE_01,BLDG_01,ASSET_005,Energy Meter,23.367,0.421,1.131,115.264,1,1,1,0,0,3,Anomaly,Excessive vibration
2026-02-18 15:15:00,SITE_01,BLDG_01,ASSET_005,Energy Meter,24.172,0.447,1.157,109.421,1,1,1,0,0,3,Anomaly,Excessive vibration
2026-02-18 15:30:00,SITE_01,BLDG_01,ASSET_005,Energy Meter,22.855,0.393,1.043,128.208,1,1,1,1,0,4,Critical,Excessive vibration
2026-02-18 15:45:00,SITE_01,BLDG_01,ASSET_005,Energy Meter,23.292,0.261,1.012,97.53,1,1,1,0,0,3,Anomaly,Excessive vibration
2026-02-18 16:00:00,SITE_01,BLDG_01,ASSET_005,Energy Meter,22.267,0.364,1.069,115.155,1,1,1,0,0,3,Anomaly,Excessive vibration
2026-02-18 16:15:00,SITE_01,BLDG_01,ASSET_005,Energy Meter,22.159,0.38,1.124,92.31,1,1,0,0,0,2,Watch,Excessive vibration
2026-02-18 16:30:00,SITE_01,BLDG_01,ASSET_005,Energy Meter,22.862,0.355,1.03,111.17,1,1,1,1,0,4,Critical,Excessive vibration
2026-02-18 16:45:00,SITE_01,BLDG_01,ASSET_005,Energy Meter,21.678,0.457,0.945,88.239,1,1,1,0,0,3,Anomaly,Excessive vibration
2026-02-18 17:00:00,SITE_01,BLDG_01,ASSET_005,Energy Meter,22.479,0.5,1.019,106.091,1,1,0,0,0,2,Watch,Excessive vibration
2026-02-18 17:15:00,SITE_01,BLDG_01,ASSET_005,Energy Meter,21.895,0.272,1.088,69.953,1,1,0,0,0,2,Watch,Excessive vibration
2026-02-18 17:30:00,SITE_01,BLDG_01,ASSET_005,Energy Meter,22.155,0.291,1.087,118.981,1,1,1,0,0,3,Anomaly,Excessive vibration
2026-02-18 17:45:00,SITE_01,BLDG_01,ASSET_005,Energy Meter,22.89,0.268,1.017,94.712,1,1,1,0,0,3,Anomaly,Excessive vibration
2026-02-18 18:00:00,SITE_01,BLDG_01,ASSET_005,Energy Meter,20.931,0.492,1.038,116.343,1,1,1,1,0,4,Critical,Excessive vibration
2026-02-18 18:15:00,SITE_01,BLDG_01,ASSET_005,Energy Meter,21.253,0.301,0.888,118.084,1,1,1,0,0,3,Anomaly,Excessive vibration
2026-02-18 18:30:00,SITE_01,BLDG_01,ASSET_005,Energy Meter,20.86,0.514,1.035,58.795,1,1,1,0,0,3,Anomaly,Excessive vibration
2026-02-18 18:45:00,SITE_01,BLDG_01,ASSET_005,Energy Meter,21.618,0.354,0.783,58.877,1,1,1,0,0,3,Anomaly,Excessive vibration
2026-02-19 07:00:00,SITE_01,BLDG_01,ASSET_005,Energy Meter,22.506,0.28,0.947,31.302,1,0,1,0,0,2,Watch,Excessive vibration
2026-03-03 10:30:00,SITE_01,BLDG_01,ASSET_005,Energy Meter,23.329,0.068,1.048,203.951,1,0,1,0,0,2,Watch,Sudden power deviation
2026-03-04 23:00:00,SITE_01,BLDG_01,ASSET_005,Energy Meter,17.728,0.382,0.831,37.445,1,0,1,0,0,2,Watch,Excessive vibration
2026-03-09 15:45:00,SITE_01,BLDG_01,ASSET_005,Energy Meter,23.361,0.162,0.923,94.008,1,0,1,0,0,2,Watch,Excessive vibration
2026-03-13 18:45:00,SITE_01,BLDG_01,ASSET_005,Energy Meter,21.273,0.027,0.804,236.798,1,1,1,0,0,3,Anomaly,Sudden power deviation
2026-03-15 14:45:00,SITE_01,BLDG_01,ASSET_005,Energy Meter,23.797,0.063,0.972,203.391,1,0,1,0,0,2,Watch,Sudden power deviation
2026-03-16 13:30:00,SITE_01,BLDG_01,ASSET_005,Energy Meter,24.392,0.273,1.037,115.536,1,1,1,0,0,3,Anomaly,Excessive vibration
2026-03-16 13:45:00,SITE_01,BLDG_01,ASSET_005,Energy Meter,24.152,0.093,0.856,252.418,1,1,1,0,0,3,Anomaly,Sudden power deviation
2026-03-17 08:15:00,SITE_01,BLDG_01,ASSET_005,Energy Meter,22.635,0.196,0.921,52.67,1,0,1,0,0,2,Watch,Excessive vibration
2026-03-17 09:30:00,SITE_01,BLDG_01,ASSET_005,Energy Meter,23.475,0.216,0.963,124.411,1,1,1,0,0,3,Anomaly,Excessive vibration
2026-03-17 09:45:00,SITE_01,BLDG_01,ASSET_005,Energy Meter,22.278,0.205,0.884,87.222,1,0,1,0,0,2,Watch,Excessive vibration
2026-03-17 10:00:00,SITE_01,BLDG_01,ASSET_005,Energy Meter,24.159,0.286,1.033,113.184,1,1,1,0,0,3,Anomaly,Excessive vibration
2026-03-17 10:15:00,SITE_01,BLDG_01,ASSET_005,Energy Meter,25.15,0.202,1.017,120.525,1,0,1,0,0,2,Watch,Excessive vibration
2026-03-17 10:30:00,SITE_01,BLDG_01,ASSET_005,Energy Meter,23.681,0.304,0.932,106.92,1,0,1,0,0,2,Watch,Excessive vibration
2026-03-17 10:45:00,SITE_01,BLDG_01,ASSET_005,Energy Meter,23.519,0.28,0.897,115.646,1,1,1,0,0,3,Anomaly,Excessive vibration
2026-03-17 11:00:00,SITE_01,BLDG_01,ASSET_005,Energy Meter,25.261,0.298,1.006,112.064,1,0,1,0,0,2,Watch,Excessive vibration
2026-03-17 11:15:00,SITE_01,BLDG_01,ASSET_005,Energy Meter,24.843,0.299,0.917,113.201,1,1,1,0,0,3,Anomaly,Excessive vibration
2026-03-17 11:30:00,SITE_01,BLDG_01,ASSET_005,Energy Meter,23.887,0.217,1.167,112.959,1,0,1,0,0,2,Watch,Excessive vibration
2026-03-17 11:45:00,SITE_01,BLDG_01,ASSET_005,Energy Meter,24.334,0.262,1.048,99.373,1,0,1,0,0,2,Watch,Excessive vibration
2026-03-17 12:00:00,SITE_01,BLDG_01,ASSET_005,Energy Meter,23.529,0.35,1.048,108.029,1,1,1,0,0,3,Anomaly,Excessive vibration
2026-03-17 12:15:00,SITE_01,BLDG_01,ASSET_005,Energy Meter,23.951,0.235,1.166,106.302,1,0,1,0,0,2,Watch,Excessive vibration
2026-03-17 12:30:00,SITE_01,BLDG_01,ASSET_005,Energy Meter,24.382,0.317,1.075,111.167,1,1,1,0,0,3,Anomaly,Excessive vibration
2026-03-17 12:45:00,SITE_01,BLDG_01,ASSET_005,Energy Meter,24.683,0.367,0.959,111.853,1,1,1,0,0,3,Anomaly,Excessive vibration
2026-03-17 13:00:00,SITE_01,BLDG_01,ASSET_005,Energy Meter,24.443,0.358,1.001,110.767,1,0,1,0,0,2,Watch,Excessive vibration
2026-03-17 13:30:00,SITE_01,BLDG_01,ASSET_005,Energy Meter,24.367,0.325,1.089,110.994,1,0,1,0,0,2,Watch,Excessive vibration
2026-03-17 13:45:00,SITE_01,BLDG_01,ASSET_005,Energy Meter,25.102,0.457,0.887,112.513,1,1,1,0,0,3,Anomaly,Excessive vibration
2026-03-17 14:00:00,SITE_01,BLDG_01,ASSET_005,Energy Meter,23.624,0.393,1.141,115.512,1,1,1,0,0,3,Anomaly,Excessive vibration
2026-03-17 14:15:00,SITE_01,BLDG_01,ASSET_005,Energy Meter,24.711,0.352,0.946,116.976,1,1,1,1,0,4,Critical,Excessive vibration
2026-03-17 14:30:00,SITE_01,BLDG_01,ASSET_005,Energy Meter,23.815,0.432,0.995,117.052,1,1,1,0,0,3,Anomaly,Excessive vibration
2026-03-17 14:45:00,SITE_01,BLDG_01,ASSET_005,Energy Meter,23.592,0.352,0.919,111.809,1,1,1,1,0,4,Critical,Excessive vibration
2026-03-17 15:00:00,SITE_01,BLDG_01,ASSET_005,Energy Meter,23.467,0.509,0.881,95.918,1,1,1,0,0,3,Anomaly,Excessive vibration
2026-03-17 15:15:00,SITE_01,BLDG_01,ASSET_005,Energy Meter,24.003,0.299,0.914,133.647,1,1,1,0,0,3,Anomaly,Excessive vibration
2026-03-17 15:30:00,SITE_01,BLDG_01,ASSET_005,Energy Meter,23.087,0.278,0.957,113.275,1,1,1,0,0,3,Anomaly,Excessive vibration
2026-03-17 15:45:00,SITE_01,BLDG_01,ASSET_005,Energy Meter,23.974,0.316,1.015,117.904,1,1,1,0,0,3,Anomaly,Excessive vibration
2026-03-17 16:00:00,SITE_01,BLDG_01,ASSET_005,Energy Meter,22.923,0.554,1.074,116.827,1,1,0,0,0,2,Watch,Excessive vibration
2026-03-17 16:15:00,SITE_01,BLDG_01,ASSET_005,Energy Meter,22.286,0.585,0.923,52.936,1,1,1,0,0,3,Anomaly,Excessive vibration
2026-03-17 16:30:00,SITE_01,BLDG_01,ASSET_005,Energy Meter,22.941,0.426,1.04,70.326,1,1,1,1,0,4,Critical,Excessive vibration
2026-03-20 16:45:00,SITE_01,BLDG_01,ASSET_005,Energy Meter,22.523,0.102,0.814,55.326,0,1,1,0,0,2,Watch,Multivariate abnormal behavior
2026-03-22 00:00:00,SITE_01,BLDG_01,ASSET_005,Energy Meter,18.624,0.439,1.068,34.372,1,0,1,0,0,2,Watch,Excessive vibration
2026-03-26 12:45:00,SITE_01,BLDG_01,ASSET_005,Energy Meter,24.033,0.054,1.016,319.533,1,1,1,0,0,3,Anomaly,Sudden power deviation
2026-03-27 04:30:00,SITE_01,BLDG_01,ASSET_005,Energy Meter,19.435,0.249,1.012,34.125,1,0,1,0,0,2,Watch,Excessive vibration
2026-03-27 11:00:00,SITE_01,BLDG_01,ASSET_005,Energy Meter,24.556,0.03,0.96,114.675,0,1,1,0,0,2,Watch,Multivariate abnormal behavior
2026-03-30 21:15:00,SITE_01,BLDG_01,ASSET_005,Energy Meter,19.262,0.058,0.728,55.794,1,0,1,0,0,2,Watch,Abnormal pressure
2026-03-31 13:30:00,SITE_01,BLDG_01,ASSET_005,Energy Meter,24.738,0.467,0.763,102.231,1,1,1,0,0,3,Anomaly,Excessive vibration
2026-01-03 12:00:00,SITE_01,BLDG_02,ASSET_006,Chiller,27.891,0.083,1.602,73.407,1,0,1,0,0,2,Watch,Excessive vibration
2026-01-03 12:15:00,SITE_01,BLDG_02,ASSET_006,Chiller,27.214,0.085,1.495,64.309,1,0,1,0,0,2,Watch,Excessive vibration
2026-01-04 20:45:00,SITE_01,BLDG_02,ASSET_006,Chiller,22.049,0.818,1.517,34.176,1,1,1,0,0,3,Anomaly,Excessive vibration
2026-01-05 08:30:00,SITE_01,BLDG_02,ASSET_006,Chiller,25.064,0.259,1.626,83.01,1,1,0,0,0,2,Watch,Excessive vibration
2026-01-05 11:15:00,SITE_01,BLDG_02,ASSET_006,Chiller,27.822,0.988,1.355,96.951,1,1,1,0,0,3,Anomaly,Excessive vibration
2026-01-06 09:30:00,SITE_01,BLDG_02,ASSET_006,Chiller,27.531,0.15,1.594,113.258,0,1,1,0,0,2,Watch,Multivariate abnormal behavior
2026-01-07 10:00:00,SITE_01,BLDG_02,ASSET_006,Chiller,26.797,0.144,1.622,103.544,0,1,1,0,0,2,Watch,Multivariate abnormal behavior
2026-01-09 14:15:00,SITE_01,BLDG_02,ASSET_006,Chiller,25.785,0.263,1.498,97.329,1,1,0,0,0,2,Watch,Excessive vibration
2026-01-12 15:30:00,SITE_01,BLDG_02,ASSET_006,Chiller,26.482,0.092,1.519,107.389,1,1,1,0,0,3,Anomaly,Excessive vibration
2026-01-13 12:00:00,SITE_01,BLDG_02,ASSET_006,Chiller,26.012,0.172,1.542,216.54,1,1,1,0,0,3,Anomaly,Sudden power deviation
2026-01-13 15:30:00,SITE_01,BLDG_02,ASSET_006,Chiller,27.108,0.08,1.457,96.82,1,1,1,0,0,3,Anomaly,Excessive vibration
2026-01-16 08:30:00,SITE_01,BLDG_02,ASSET_006,Chiller,26.041,0.112,1.586,110.149,0,1,1,0,0,2,Watch,Multivariate abnormal behavior
2026-01-19 17:45:00,SITE_01,BLDG_02,ASSET_006,Chiller,24.839,0.089,1.552,94.715,1,0,1,0,0,2,Watch,Excessive vibration
2026-01-21 16:15:00,SITE_01,BLDG_02,ASSET_006,Chiller,25.877,0.181,1.764,275.309,1,1,1,0,0,3,Anomaly,Sudden power deviation
2026-01-22 17:30:00,SITE_01,BLDG_02,ASSET_006,Chiller,25.97,0.199,1.516,274.855,1,1,1,0,0,3,Anomaly,Sudden power deviation
2026-01-23 08:15:00,SITE_01,BLDG_02,ASSET_006,Chiller,25.495,0.259,1.511,91.612,1,1,0,0,0,2,Watch,Excessive vibration
2026-01-23 13:30:00,SITE_01,BLDG_02,ASSET_006,Chiller,27.368,0.22,1.539,274.664,1,1,1,0,0,3,Anomaly,Sudden power deviation
2026-01-24 09:00:00,SITE_01,BLDG_02,ASSET_006,Chiller,26.478,0.088,1.646,58.155,1,0,1,0,0,2,Watch,Excessive vibration
2026-01-27 13:45:00,SITE_01,BLDG_02,ASSET_006,Chiller,26.392,0.09,1.555,95.009,1,0,1,0,0,2,Watch,Excessive vibration
2026-01-27 17:30:00,SITE_01,BLDG_02,ASSET_006,Chiller,25.014,0.052,1.467,86.606,1,0,1,0,0,2,Watch,Excessive vibration
2026-01-28 18:30:00,SITE_01,BLDG_02,ASSET_006,Chiller,23.556,0.114,1.54,93.159,0,1,1,0,0,2,Watch,Multivariate abnormal behavior
2026-01-29 12:45:00,SITE_01,BLDG_02,ASSET_006,Chiller,26.8,0.153,1.746,87.81,1,1,0,0,0,2,Watch,Abnormal pressure
2026-01-29 20:30:00,SITE_01,BLDG_02,ASSET_006,Chiller,22.537,0.789,1.422,11.72,1,1,1,0,0,3,Anomaly,Excessive vibration
2026-01-30 09:30:00,SITE_01,BLDG_02,ASSET_006,Chiller,25.992,0.136,1.784,94.834,1,0,1,0,0,2,Watch,Abnormal pressure
2026-01-30 13:45:00,SITE_01,BLDG_02,ASSET_006,Chiller,27.294,0.056,1.382,87.835,1,1,1,0,0,3,Anomaly,Excessive vibration
2026-02-02 08:00:00,SITE_01,BLDG_02,ASSET_006,Chiller,26.793,0.148,1.715,90.971,0,1,1,0,0,2,Watch,Multivariate abnormal behavior
2026-02-02 13:45:00,SITE_01,BLDG_02,ASSET_006,Chiller,26.729,0.135,1.622,107.352,0,1,1,0,0,2,Watch,Multivariate abnormal behavior
2026-02-04 10:30:00,SITE_01,BLDG_02,ASSET_006,Chiller,26.689,0.151,1.66,110.681,0,1,1,0,0,2,Watch,Multivariate abnormal behavior
2026-02-04 13:30:00,SITE_01,BLDG_02,ASSET_006,Chiller,26.543,0.124,1.503,107.035,0,1,1,0,0,2,Watch,Multivariate abnormal behavior
2026-02-04 14:00:00,SITE_01,BLDG_02,ASSET_006,Chiller,27.265,0.153,1.578,106.251,0,1,1,0,0,2,Watch,Multivariate abnormal behavior
2026-02-04 14:45:00,SITE_01,BLDG_02,ASSET_006,Chiller,26.748,0.112,1.629,97.906,0,1,1,0,0,2,Watch,Multivariate abnormal behavior
2026-02-06 08:15:00,SITE_01,BLDG_02,ASSET_006,Chiller,26.241,0.139,1.581,96.314,0,1,1,0,0,2,Watch,Multivariate abnormal behavior
2026-02-10 11:45:00,SITE_01,BLDG_02,ASSET_006,Chiller,26.492,0.082,1.512,87.324,1,0,1,0,0,2,Watch,Excessive vibration
2026-02-10 12:45:00,SITE_01,BLDG_02,ASSET_006,Chiller,27.141,1.064,1.457,90.022,1,1,1,0,0,3,Anomaly,Excessive vibration
2026-02-13 09:30:00,SITE_01,BLDG_02,ASSET_006,Chiller,26.163,0.136,1.617,103.719,0,1,1,0,0,2,Watch,Multivariate abnormal behavior
2026-02-15 03:45:00,SITE_01,BLDG_02,ASSET_006,Chiller,21.814,0.081,1.57,39.004,1,0,1,0,0,2,Watch,Excessive vibration
2026-02-17 11:30:00,SITE_01,BLDG_02,ASSET_006,Chiller,26.197,0.274,1.491,104.3,1,1,0,0,0,2,Watch,Excessive vibration
2026-02-17 12:30:00,SITE_01,BLDG_02,ASSET_006,Chiller,26.757,0.137,1.528,105.14,0,1,1,0,0,2,Watch,Multivariate abnormal behavior
2026-02-18 17:00:00,SITE_01,BLDG_02,ASSET_006,Chiller,24.135,0.822,1.468,83.231,1,1,0,0,0,2,Watch,Excessive vibration
2026-02-19 09:15:00,SITE_01,BLDG_02,ASSET_006,Chiller,26.191,0.176,1.257,105.998,1,1,0,0,0,2,Watch,Abnormal pressure
2026-02-20 08:30:00,SITE_01,BLDG_02,ASSET_006,Chiller,25.362,0.958,1.443,89.929,1,1,1,0,0,3,Anomaly,Excessive vibration
2026-02-21 08:45:00,SITE_01,BLDG_02,ASSET_006,Chiller,25.906,0.949,1.387,63.378,1,1,1,0,0,3,Anomaly,Excessive vibration
2026-02-23 06:45:00,SITE_01,BLDG_02,ASSET_006,Chiller,24.37,0.463,1.545,58.333,1,1,0,0,0,2,Watch,Excessive vibration
2026-02-23 14:00:00,SITE_01,BLDG_02,ASSET_006,Chiller,27.504,0.173,1.729,110.775,1,1,0,0,0,2,Watch,Abnormal pressure
2026-02-24 13:00:00,SITE_01,BLDG_02,ASSET_006,Chiller,27.404,0.141,1.638,106.437,0,1,1,0,0,2,Watch,Multivariate abnormal behavior
2026-02-26 10:45:00,SITE_01,BLDG_02,ASSET_006,Chiller,25.86,0.193,1.558,165.44,0,1,1,0,0,2,Watch,Multivariate abnormal behavior
2026-03-02 16:45:00,SITE_01,BLDG_02,ASSET_006,Chiller,25.29,0.123,1.551,104.626,0,1,1,0,0,2,Watch,Multivariate abnormal behavior
2026-03-03 12:00:00,SITE_01,BLDG_02,ASSET_006,Chiller,26.247,0.085,1.456,97.917,1,0,1,0,0,2,Watch,Excessive vibration
2026-03-04 11:30:00,SITE_01,BLDG_02,ASSET_006,Chiller,27.003,0.128,1.718,99.357,0,1,1,0,0,2,Watch,Multivariate abnormal behavior
2026-03-04 23:00:00,SITE_01,BLDG_02,ASSET_006,Chiller,21.24,0.26,1.636,49.66,1,0,1,0,0,2,Watch,Excessive vibration
2026-03-05 08:15:00,SITE_01,BLDG_02,ASSET_006,Chiller,25.487,0.271,1.382,81.166,1,1,0,0,0,2,Watch,Excessive vibration
2026-03-05 10:00:00,SITE_01,BLDG_02,ASSET_006,Chiller,26.308,0.109,1.631,101.102,0,1,1,0,0,2,Watch,Multivariate abnormal behavior
2026-03-05 12:15:00,SITE_01,BLDG_02,ASSET_006,Chiller,27.095,0.117,1.611,104.291,0,1,1,0,0,2,Watch,Multivariate abnormal behavior
2026-03-05 17:15:00,SITE_01,BLDG_02,ASSET_006,Chiller,24.17,0.081,1.482,84.883,1,0,1,0,0,2,Watch,Excessive vibration
2026-03-08 10:15:00,SITE_01,BLDG_02,ASSET_006,Chiller,26.938,0.078,1.419,63.013,1,0,1,0,0,2,Watch,Excessive vibration
2026-03-09 10:45:00,SITE_01,BLDG_02,ASSET_006,Chiller,26.129,0.81,1.364,90.128,1,1,0,0,0,2,Watch,Excessive vibration
2026-03-10 12:30:00,SITE_01,BLDG_02,ASSET_006,Chiller,26.271,0.092,1.446,77.586,1,0,1,0,0,2,Watch,Excessive vibration
2026-03-11 15:45:00,SITE_01,BLDG_02,ASSET_006,Chiller,25.676,0.087,1.473,95.178,1,0,1,0,0,2,Watch,Excessive vibration
2026-03-12 14:15:00,SITE_01,BLDG_02,ASSET_006,Chiller,26.332,0.262,1.567,90.702,1,1,0,0,0,2,Watch,Excessive vibration
2026-03-13 16:45:00,SITE_01,BLDG_02,ASSET_006,Chiller,24.868,0.069,1.471,92.675,1,0,1,0,0,2,Watch,Excessive vibration
2026-03-15 03:00:00,SITE_01,BLDG_02,ASSET_006,Chiller,23.249,0.382,1.561,42.857,1,1,0,0,0,2,Watch,Excessive vibration
2026-03-15 04:00:00,SITE_01,BLDG_02,ASSET_006,Chiller,23.295,0.407,1.732,11.154,1,0,1,0,0,2,Watch,Excessive vibration
2026-03-15 04:30:00,SITE_01,BLDG_02,ASSET_006,Chiller,23.788,0.28,1.671,10.461,1,0,0,0,1,2,Watch,Excessive vibration
2026-03-15 04:45:00,SITE_01,BLDG_02,ASSET_006,Chiller,22.911,0.424,1.418,7.675,1,0,1,0,0,2,Watch,Excessive vibration
2026-03-15 05:15:00,SITE_01,BLDG_02,ASSET_006,Chiller,24.223,0.49,1.595,9.656,1,0,1,0,0,2,Watch,Excessive vibration
2026-03-15 05:30:00,SITE_01,BLDG_02,ASSET_006,Chiller,23.562,0.427,1.615,8.484,1,0,1,0,0,2,Watch,Excessive vibration
2026-03-15 05:45:00,SITE_01,BLDG_02,ASSET_006,Chiller,24.395,0.46,1.684,9.709,1,0,1,0,1,3,Anomaly,Excessive vibration
2026-03-15 06:00:00,SITE_01,BLDG_02,ASSET_006,Chiller,24.506,0.482,1.632,12.008,1,1,1,0,0,3,Anomaly,Excessive vibration
2026-03-15 06:15:00,SITE_01,BLDG_02,ASSET_006,Chiller,,0.556,1.685,11.129,1,0,1,0,0,2,Watch,Excessive vibration
2026-03-15 06:30:00,SITE_01,BLDG_02,ASSET_006,Chiller,25.758,0.467,1.629,10.982,1,0,1,0,0,2,Watch,Excessive vibration
2026-03-15 06:45:00,SITE_01,BLDG_02,ASSET_006,Chiller,24.827,0.546,1.489,14.002,1,0,1,0,0,2,Watch,Excessive vibration
2026-03-15 07:00:00,SITE_01,BLDG_02,ASSET_006,Chiller,26.816,0.379,1.589,14.198,1,1,1,0,0,3,Anomaly,Excessive vibration
2026-03-15 07:15:00,SITE_01,BLDG_02,ASSET_006,Chiller,26.402,0.458,1.647,12.841,1,0,1,0,0,2,Watch,Excessive vibration
2026-03-15 07:30:00,SITE_01,BLDG_02,ASSET_006,Chiller,26.181,0.476,1.616,10.591,1,0,1,0,0,2,Watch,Excessive vibration
2026-03-15 07:45:00,SITE_01,BLDG_02,ASSET_006,Chiller,26.766,0.541,1.534,12.239,1,0,1,0,0,2,Watch,Excessive vibration
2026-03-15 08:00:00,SITE_01,BLDG_02,ASSET_006,Chiller,27.916,0.531,1.665,64.483,1,1,0,0,0,2,Watch,Excessive vibration
2026-03-15 08:15:00,SITE_01,BLDG_02,ASSET_006,Chiller,28.351,0.483,1.66,75.268,1,1,1,0,0,3,Anomaly,Excessive vibration
2026-03-15 08:30:00,SITE_01,BLDG_02,ASSET_006,Chiller,27.107,0.533,1.72,63.77,1,1,1,0,0,3,Anomaly,Excessive vibration
2026-03-15 08:45:00,SITE_01,BLDG_02,ASSET_006,Chiller,28.126,0.643,1.618,67.704,1,1,0,0,0,2,Watch,Excessive vibration
2026-03-15 09:00:00,SITE_01,BLDG_02,ASSET_006,Chiller,28.381,0.48,1.551,64.969,1,1,0,0,0,2,Watch,Excessive vibration
2026-03-15 09:15:00,SITE_01,BLDG_02,ASSET_006,Chiller,28.838,,1.767,77.256,1,0,1,0,0,2,Watch,Abnormal pressure
2026-03-15 09:30:00,SITE_01,BLDG_02,ASSET_006,Chiller,29.002,0.697,1.591,63.583,1,1,0,0,0,2,Watch,Excessive vibration
2026-03-15 09:45:00,SITE_01,BLDG_02,ASSET_006,Chiller,29.362,0.675,1.621,64.961,1,1,0,0,0,2,Watch,Excessive vibration
2026-03-15 10:00:00,SITE_01,BLDG_02,ASSET_006,Chiller,29.277,0.694,1.713,68.79,1,1,0,0,0,2,Watch,Excessive vibration
2026-03-15 10:15:00,SITE_01,BLDG_02,ASSET_006,Chiller,28.846,0.486,1.466,71.859,1,1,0,0,0,2,Watch,Excessive vibration
2026-03-15 10:30:00,SITE_01,BLDG_02,ASSET_006,Chiller,29.937,0.582,1.634,68.904,1,1,0,0,0,2,Watch,Excessive vibration
2026-03-15 10:45:00,SITE_01,BLDG_02,ASSET_006,Chiller,28.008,0.577,1.756,61.476,1,1,0,0,0,2,Watch,Excessive vibration
2026-03-15 11:00:00,SITE_01,BLDG_02,ASSET_006,Chiller,29.481,0.823,1.727,86.467,1,1,1,0,0,3,Anomaly,Excessive vibration
2026-03-15 11:15:00,SITE_01,BLDG_02,ASSET_006,Chiller,30.154,0.463,1.614,68.281,1,1,0,0,0,2,Watch,Excessive vibration
2026-03-15 11:30:00,SITE_01,BLDG_02,ASSET_006,Chiller,29.743,0.724,1.702,77.966,1,1,0,0,0,2,Watch,Excessive vibration
2026-03-15 11:45:00,SITE_01,BLDG_02,ASSET_006,Chiller,29.758,0.513,1.706,66.709,1,1,0,0,0,2,Watch,Excessive vibration
2026-03-15 12:00:00,SITE_01,BLDG_02,ASSET_006,Chiller,27.106,0.083,1.445,61.939,1,1,1,0,0,3,Anomaly,Excessive vibration
2026-03-17 08:15:00,SITE_01,BLDG_02,ASSET_006,Chiller,24.813,0.161,1.68,86.262,0,1,1,0,0,2,Watch,Multivariate abnormal behavior
2026-03-18 14:15:00,SITE_01,BLDG_02,ASSET_006,Chiller,26.528,0.258,1.422,94.983,1,1,0,0,0,2,Watch,Excessive vibration
2026-03-22 10:30:00,SITE_01,BLDG_02,ASSET_006,Chiller,25.91,0.12,1.73,57.179,1,0,1,0,0,2,Watch,Abnormal pressure
2026-03-22 21:00:00,SITE_01,BLDG_02,ASSET_006,Chiller,21.964,0.779,1.474,10.793,1,0,1,0,0,2,Watch,Excessive vibration
2026-03-23 08:45:00,SITE_01,BLDG_02,ASSET_006,Chiller,,0.113,1.624,106.943,0,1,1,0,0,2,Watch,Multivariate abnormal behavior
2026-03-23 11:45:00,SITE_01,BLDG_02,ASSET_006,Chiller,27.323,0.151,1.498,99.349,0,1,1,0,0,2,Watch,Multivariate abnormal behavior
2026-03-26 06:15:00,SITE_01,BLDG_02,ASSET_006,Chiller,24.084,0.084,1.65,46.15,1,0,1,0,0,2,Watch,Excessive vibration
2026-03-26 19:45:00,SITE_01,BLDG_02,ASSET_006,Chiller,24.605,0.337,1.633,10.769,1,1,0,0,0,2,Watch,Excessive vibration
2026-03-26 21:00:00,SITE_01,BLDG_02,ASSET_006,Chiller,21.692,0.389,1.562,7.692,1,0,1,0,0,2,Watch,Excessive vibration
2026-03-26 21:15:00,SITE_01,BLDG_02,ASSET_006,Chiller,23.024,0.411,1.468,8.739,1,0,1,0,1,3,Anomaly,Excessive vibration
2026-03-26 21:30:00,SITE_01,BLDG_02,ASSET_006,Chiller,21.505,0.309,1.705,12.325,1,0,0,0,1,2,Watch,Excessive vibration
2026-03-26 21:45:00,SITE_01,BLDG_02,ASSET_006,Chiller,23.514,0.357,1.443,10.411,1,0,0,0,1,2,Watch,Excessive vibration
2026-03-26 23:45:00,SITE_01,BLDG_02,ASSET_006,Chiller,22.843,0.542,1.556,9.937,1,1,1,0,0,3,Anomaly,Excessive vibration
2026-03-27 00:00:00,SITE_01,BLDG_02,ASSET_006,Chiller,22.4,0.531,1.487,8.49,1,0,1,0,0,2,Watch,Excessive vibration
2026-03-27 00:15:00,SITE_01,BLDG_02,ASSET_006,Chiller,22.412,0.6,1.399,8.987,1,0,1,0,1,3,Anomaly,Excessive vibration
2026-03-27 00:30:00,SITE_01,BLDG_02,ASSET_006,Chiller,23.525,0.472,1.575,10.152,1,0,1,0,1,3,Anomaly,Excessive vibration
2026-03-27 00:45:00,SITE_01,BLDG_02,ASSET_006,Chiller,22.21,0.471,1.549,7.793,1,0,1,1,1,4,Critical,Excessive vibration
2026-03-27 01:00:00,SITE_01,BLDG_02,ASSET_006,Chiller,22.116,0.591,1.659,8.89,1,0,1,0,0,2,Watch,Excessive vibration
2026-03-27 01:15:00,SITE_01,BLDG_02,ASSET_006,Chiller,22.94,0.527,1.717,10.699,1,0,1,0,0,2,Watch,Excessive vibration
2026-03-27 01:30:00,SITE_01,BLDG_02,ASSET_006,Chiller,22.034,0.473,,51.103,1,1,1,0,0,3,Anomaly,Excessive vibration
2026-03-27 01:45:00,SITE_01,BLDG_02,ASSET_006,Chiller,22.879,0.484,1.677,6.315,1,0,1,0,0,2,Watch,Excessive vibration
2026-03-27 02:00:00,SITE_01,BLDG_02,ASSET_006,Chiller,23.789,0.609,1.701,11.746,1,0,1,0,0,2,Watch,Excessive vibration
2026-03-27 02:15:00,SITE_01,BLDG_02,ASSET_006,Chiller,22.948,0.466,1.733,10.713,1,0,1,0,0,2,Watch,Excessive vibration
2026-03-27 02:30:00,SITE_01,BLDG_02,ASSET_006,Chiller,23.557,0.444,1.447,11.935,1,0,1,0,0,2,Watch,Excessive vibration
2026-03-27 02:45:00,SITE_01,BLDG_02,ASSET_006,Chiller,23.124,0.497,1.572,7.64,1,0,1,0,0,2,Watch,Excessive vibration
2026-03-27 03:00:00,SITE_01,BLDG_02,ASSET_006,Chiller,22.67,0.512,1.645,52.3,1,1,0,0,0,2,Watch,Excessive vibration
2026-03-27 03:15:00,SITE_01,BLDG_02,ASSET_006,Chiller,24.546,0.632,1.609,14.986,1,1,1,0,0,3,Anomaly,Excessive vibration
2026-03-27 03:30:00,SITE_01,BLDG_02,ASSET_006,Chiller,24.144,0.616,1.831,11.701,1,1,1,1,0,4,Critical,Excessive vibration
2026-03-27 03:45:00,SITE_01,BLDG_02,ASSET_006,Chiller,23.332,0.612,1.709,46.11,1,1,1,0,0,3,Anomaly,Excessive vibration
2026-03-27 04:00:00,SITE_01,BLDG_02,ASSET_006,Chiller,25.085,0.733,1.536,12.48,1,1,1,0,0,3,Anomaly,Excessive vibration
2026-03-27 04:15:00,SITE_01,BLDG_02,ASSET_006,Chiller,25.192,0.497,1.631,10.467,1,1,1,0,0,3,Anomaly,Excessive vibration
2026-03-27 04:30:00,SITE_01,BLDG_02,ASSET_006,Chiller,24.624,0.532,1.494,9.933,1,1,1,0,0,3,Anomaly,Excessive vibration
2026-03-27 04:45:00,SITE_01,BLDG_02,ASSET_006,Chiller,25.264,0.657,1.635,10.86,1,1,1,0,0,3,Anomaly,Excessive vibration
2026-03-27 05:00:00,SITE_01,BLDG_02,ASSET_006,Chiller,24.987,0.592,1.633,6.146,1,1,1,1,0,4,Critical,Excessive vibration
2026-03-27 05:15:00,SITE_01,BLDG_02,ASSET_006,Chiller,27.304,0.819,1.519,11.483,1,1,1,1,0,4,Critical,Excessive vibration
2026-03-27 13:15:00,SITE_01,BLDG_02,ASSET_006,Chiller,26.825,0.158,1.691,112.412,0,1,1,0,0,2,Watch,Multivariate abnormal behavior
2026-03-31 08:45:00,SITE_01,BLDG_02,ASSET_006,Chiller,25.474,0.118,1.535,99.88,0,1,1,0,0,2,Watch,Multivariate abnormal behavior
2026-03-31 16:15:00,SITE_01,BLDG_02,ASSET_006,Chiller,25.192,0.228,1.436,226.27,1,1,1,0,0,3,Anomaly,Sudden power deviation
2026-03-31 17:15:00,SITE_01,BLDG_02,ASSET_006,Chiller,23.846,0.113,1.596,80.431,0,1,1,0,0,2,Watch,Multivariate abnormal behavior
2026-01-10 23:15:00,SITE_01,BLDG_02,ASSET_007,AHU,20.684,0.366,0.955,10.142,1,0,1,0,0,2,Watch,Excessive vibration
2026-01-11 00:00:00,SITE_01,BLDG_02,ASSET_007,AHU,19.925,0.452,1.13,17.093,1,0,1,0,0,2,Watch,Excessive vibration
2026-01-11 01:15:00,SITE_01,BLDG_02,ASSET_007,AHU,,0.455,1.108,9.952,1,0,1,0,0,2,Watch,Excessive vibration
2026-01-11 02:00:00,SITE_01,BLDG_02,ASSET_007,AHU,20.977,0.494,1.013,10.53,1,0,1,1,0,3,Anomaly,Excessive vibration
2026-01-11 02:15:00,SITE_01,BLDG_02,ASSET_007,AHU,19.112,0.439,1.003,16.262,1,0,1,0,0,2,Watch,Excessive vibration
2026-01-11 02:30:00,SITE_01,BLDG_02,ASSET_007,AHU,21.372,0.496,0.956,9.901,1,1,1,1,0,4,Critical,Excessive vibration
2026-01-11 02:45:00,SITE_01,BLDG_02,ASSET_007,AHU,,0.475,0.767,9.89,1,0,1,0,0,2,Watch,Excessive vibration
2026-01-18 13:30:00,SITE_01,BLDG_02,ASSET_007,AHU,24.968,0.115,0.807,55.211,1,0,1,0,0,2,Watch,Sudden power deviation
2026-01-26 09:30:00,SITE_01,BLDG_02,ASSET_007,AHU,25.053,0.055,0.674,29.763,1,0,0,0,1,2,Watch,Abnormal pressure
2026-02-01 16:00:00,SITE_01,BLDG_02,ASSET_007,AHU,24.682,0.155,1.031,14.768,1,0,0,0,1,2,Watch,Excessive vibration
2026-02-01 18:00:00,SITE_01,BLDG_02,ASSET_007,AHU,23.038,0.231,0.933,17.331,1,0,0,0,1,2,Watch,Excessive vibration
2026-02-01 22:30:00,SITE_01,BLDG_02,ASSET_007,AHU,20.589,0.518,0.866,10.378,1,0,1,0,0,2,Watch,Excessive vibration
2026-02-09 10:15:00,SITE_01,BLDG_02,ASSET_007,AHU,24.987,0.459,1.035,23.766,1,0,1,0,0,2,Watch,Excessive vibration
2026-03-02 15:45:00,SITE_01,BLDG_02,ASSET_007,AHU,25.16,0.181,0.885,22.273,1,0,0,0,1,2,Watch,Excessive vibration
2026-03-02 16:15:00,SITE_01,BLDG_02,ASSET_007,AHU,23.723,0.295,1.092,24.626,1,0,0,0,1,2,Watch,Excessive vibration
2026-03-02 16:30:00,SITE_01,BLDG_02,ASSET_007,AHU,23.762,0.29,1.098,29.852,1,0,1,0,1,3,Anomaly,Excessive vibration
2026-03-02 16:45:00,SITE_01,BLDG_02,ASSET_007,AHU,24.256,0.22,1.04,34.405,1,0,0,0,1,2,Watch,Excessive vibration
2026-03-02 17:00:00,SITE_01,BLDG_02,ASSET_007,AHU,24.763,0.282,1.055,29.87,1,0,1,0,1,3,Anomaly,Excessive vibration
2026-03-02 17:15:00,SITE_01,BLDG_02,ASSET_007,AHU,23.894,0.293,1.02,24.923,1,0,0,0,1,2,Watch,Excessive vibration
2026-03-02 17:30:00,SITE_01,BLDG_02,ASSET_007,AHU,23.055,0.305,1.049,28.195,1,0,1,0,1,3,Anomaly,Excessive vibration
2026-03-02 21:45:00,SITE_01,BLDG_02,ASSET_007,AHU,21.073,0.498,0.815,16.486,1,1,1,0,0,3,Anomaly,Excessive vibration
2026-03-10 13:00:00,SITE_01,BLDG_02,ASSET_007,AHU,25.202,0.534,1.047,25.312,1,1,1,0,0,3,Anomaly,Excessive vibration
2026-03-23 22:30:00,SITE_01,BLDG_02,ASSET_007,AHU,20.534,0.693,1.04,14.326,1,0,1,0,0,2,Watch,Excessive vibration
2026-01-31 09:45:00,SITE_01,BLDG_02,ASSET_008,AHU,25.645,0.453,0.951,13.387,1,0,1,0,0,2,Watch,Excessive vibration
2026-02-03 14:00:00,SITE_01,BLDG_02,ASSET_008,AHU,25.778,0.367,0.94,29.946,1,0,1,0,0,2,Watch,Excessive vibration
2026-02-05 13:30:00,SITE_01,BLDG_02,ASSET_008,AHU,26.987,0.37,1.197,23.963,1,0,1,0,0,2,Watch,Excessive vibration
2026-02-09 00:30:00,SITE_01,BLDG_02,ASSET_008,AHU,20.889,0.264,1.09,15.563,1,0,0,0,1,2,Watch,Excessive vibration
2026-02-09 01:15:00,SITE_01,BLDG_02,ASSET_008,AHU,21.645,0.176,0.992,8.649,1,0,0,0,1,2,Watch,Excessive vibration
2026-02-09 02:00:00,SITE_01,BLDG_02,ASSET_008,AHU,21.373,0.276,0.965,14.619,1,0,0,0,1,2,Watch,Excessive vibration
2026-02-09 02:15:00,SITE_01,BLDG_02,ASSET_008,AHU,20.994,0.239,0.96,17.491,1,0,0,0,1,2,Watch,Excessive vibration
2026-02-09 02:30:00,SITE_01,BLDG_02,ASSET_008,AHU,21.742,0.193,0.966,13.029,1,0,0,0,1,2,Watch,Excessive vibration
2026-02-09 08:00:00,SITE_01,BLDG_02,ASSET_008,AHU,26.769,0.411,0.992,25.674,1,0,1,0,0,2,Watch,Excessive vibration
2026-02-09 08:15:00,SITE_01,BLDG_02,ASSET_008,AHU,25.782,0.508,0.995,25.659,1,1,1,0,0,3,Anomaly,Excessive vibration
2026-02-09 08:30:00,SITE_01,BLDG_02,ASSET_008,AHU,26.481,0.4,0.909,28.009,1,1,1,0,0,3,Anomaly,Excessive vibration
2026-02-09 08:45:00,SITE_01,BLDG_02,ASSET_008,AHU,26.311,0.341,1.086,29.127,1,0,1,0,0,2,Watch,Excessive vibration
2026-02-09 09:00:00,SITE_01,BLDG_02,ASSET_008,AHU,27.907,0.474,0.855,27.218,1,1,1,0,1,4,Critical,Excessive vibration
2026-02-09 09:15:00,SITE_01,BLDG_02,ASSET_008,AHU,26.223,0.511,1.0,28.883,1,0,1,0,1,3,Anomaly,Excessive vibration
2026-03-12 12:45:00,SITE_01,BLDG_02,ASSET_008,AHU,26.093,0.102,0.976,51.348,1,0,1,0,0,2,Watch,Sudden power deviation
2026-03-14 08:45:00,SITE_01,BLDG_02,ASSET_008,AHU,24.861,0.491,0.986,15.833,1,0,1,0,0,2,Watch,Excessive vibration
2026-01-03 16:00:00,SITE_01,BLDG_02,ASSET_009,Pump,24.548,0.218,3.92,10.042,1,0,1,0,0,2,Watch,Abnormal pressure
2026-01-04 11:30:00,SITE_01,BLDG_02,ASSET_009,Pump,25.967,0.255,4.724,22.247,1,0,1,0,0,2,Watch,Sudden power deviation
2026-01-08 18:15:00,SITE_01,BLDG_02,ASSET_009,Pump,23.628,1.185,4.257,10.482,1,1,1,1,0,4,Critical,Excessive vibration
2026-01-09 09:00:00,SITE_01,BLDG_02,ASSET_009,Pump,24.682,0.372,4.545,13.912,1,0,1,0,0,2,Watch,Excessive vibration
2026-01-09 09:45:00,SITE_01,BLDG_02,ASSET_009,Pump,25.154,0.379,4.494,14.774,1,0,1,0,0,2,Watch,Excessive vibration
2026-01-09 10:15:00,SITE_01,BLDG_02,ASSET_009,Pump,26.117,0.382,4.396,13.322,1,1,1,0,0,3,Anomaly,Excessive vibration
2026-01-09 10:30:00,SITE_01,BLDG_02,ASSET_009,Pump,24.581,0.47,4.814,13.082,1,1,1,1,0,4,Critical,Excessive vibration
2026-01-09 10:45:00,SITE_01,BLDG_02,ASSET_009,Pump,25.503,0.444,4.265,12.851,1,0,1,0,0,2,Watch,Excessive vibration
2026-01-09 11:00:00,SITE_01,BLDG_02,ASSET_009,Pump,26.156,0.505,4.774,14.488,1,1,1,0,0,3,Anomaly,Excessive vibration
2026-01-09 11:15:00,SITE_01,BLDG_02,ASSET_009,Pump,25.215,0.566,4.418,12.896,1,1,1,0,0,3,Anomaly,Excessive vibration
2026-01-09 11:30:00,SITE_01,BLDG_02,ASSET_009,Pump,25.706,0.444,4.416,10.624,1,0,1,0,0,2,Watch,Excessive vibration
2026-01-09 11:45:00,SITE_01,BLDG_02,ASSET_009,Pump,26.555,0.59,4.745,13.632,1,1,1,0,0,3,Anomaly,Excessive vibration
2026-01-09 12:00:00,SITE_01,BLDG_02,ASSET_009,Pump,26.126,0.638,4.573,11.931,1,1,1,0,0,3,Anomaly,Excessive vibration
2026-01-09 12:15:00,SITE_01,BLDG_02,ASSET_009,Pump,25.509,0.612,4.754,12.875,1,0,1,0,0,2,Watch,Excessive vibration
2026-01-09 12:30:00,SITE_01,BLDG_02,ASSET_009,Pump,26.583,0.464,4.558,10.89,1,0,1,0,0,2,Watch,Excessive vibration
2026-01-09 12:45:00,SITE_01,BLDG_02,ASSET_009,Pump,26.519,0.508,4.996,10.431,1,1,1,1,0,4,Critical,Excessive vibration
2026-01-09 13:15:00,SITE_01,BLDG_02,ASSET_009,Pump,25.767,0.557,4.754,13.939,1,1,1,0,0,3,Anomaly,Excessive vibration
2026-01-09 13:30:00,SITE_01,BLDG_02,ASSET_009,Pump,26.304,0.69,4.704,14.246,1,1,1,1,0,4,Critical,Excessive vibration
2026-01-09 13:45:00,SITE_01,BLDG_02,ASSET_009,Pump,25.328,0.698,4.663,11.407,1,1,1,0,0,3,Anomaly,Excessive vibration
2026-01-09 14:00:00,SITE_01,BLDG_02,ASSET_009,Pump,25.612,0.822,4.878,13.376,1,1,1,0,0,3,Anomaly,Excessive vibration
2026-01-09 14:15:00,SITE_01,BLDG_02,ASSET_009,Pump,25.96,0.703,4.826,9.675,1,1,1,0,0,3,Anomaly,Excessive vibration
2026-01-09 14:30:00,SITE_01,BLDG_02,ASSET_009,Pump,25.416,0.558,4.384,18.489,1,1,1,0,0,3,Anomaly,Excessive vibration
2026-01-09 14:45:00,SITE_01,BLDG_02,ASSET_009,Pump,25.471,0.639,4.521,13.848,1,1,1,0,0,3,Anomaly,Excessive vibration
2026-01-09 15:00:00,SITE_01,BLDG_02,ASSET_009,Pump,25.389,0.883,4.86,15.562,1,1,1,0,0,3,Anomaly,Excessive vibration
2026-01-09 15:15:00,SITE_01,BLDG_02,ASSET_009,Pump,25.315,0.664,4.911,9.133,1,1,1,0,0,3,Anomaly,Excessive vibration
2026-01-09 15:30:00,SITE_01,BLDG_02,ASSET_009,Pump,24.783,0.615,4.49,16.234,1,1,1,0,0,3,Anomaly,Excessive vibration
2026-01-09 15:45:00,SITE_01,BLDG_02,ASSET_009,Pump,25.185,0.653,4.535,17.419,1,0,1,0,0,2,Watch,Excessive vibration
2026-01-09 16:00:00,SITE_01,BLDG_02,ASSET_009,Pump,24.467,0.79,4.449,13.672,1,1,1,0,0,3,Anomaly,Excessive vibration
2026-01-09 16:15:00,SITE_01,BLDG_02,ASSET_009,Pump,24.786,0.66,4.943,16.01,1,1,1,0,0,3,Anomaly,Excessive vibration
2026-01-09 16:30:00,SITE_01,BLDG_02,ASSET_009,Pump,24.353,0.715,5.162,15.067,1,1,1,0,0,3,Anomaly,Excessive vibration
2026-01-09 16:45:00,SITE_01,BLDG_02,ASSET_009,Pump,24.135,0.612,4.797,13.876,1,1,1,0,0,3,Anomaly,Excessive vibration
2026-01-09 17:00:00,SITE_01,BLDG_02,ASSET_009,Pump,24.008,0.739,5.273,16.92,1,1,1,0,0,3,Anomaly,Excessive vibration
2026-01-09 17:15:00,SITE_01,BLDG_02,ASSET_009,Pump,24.126,0.855,4.701,12.422,1,1,1,0,0,3,Anomaly,Excessive vibration
2026-01-09 17:30:00,SITE_01,BLDG_02,ASSET_009,Pump,23.618,0.732,5.004,10.156,1,1,1,0,0,3,Anomaly,Excessive vibration
2026-01-09 17:45:00,SITE_01,BLDG_02,ASSET_009,Pump,23.875,0.736,4.786,12.38,1,1,1,0,0,3,Anomaly,Excessive vibration
2026-01-09 18:00:00,SITE_01,BLDG_02,ASSET_009,Pump,22.543,0.71,5.306,14.723,1,1,1,1,0,4,Critical,Excessive vibration
2026-01-09 18:15:00,SITE_01,BLDG_02,ASSET_009,Pump,23.589,1.027,4.66,12.999,1,1,1,0,0,3,Anomaly,Excessive vibration
2026-01-09 18:30:00,SITE_01,BLDG_02,ASSET_009,Pump,23.432,0.936,4.705,11.132,1,1,1,0,0,3,Anomaly,Excessive vibration
2026-01-09 18:45:00,SITE_01,BLDG_02,ASSET_009,Pump,22.631,0.711,4.643,12.351,1,1,1,1,0,4,Critical,Excessive vibration
2026-01-09 19:00:00,SITE_01,BLDG_02,ASSET_009,Pump,23.015,1.115,4.633,5.639,1,1,1,1,0,4,Critical,Excessive vibration
2026-01-13 15:45:00,SITE_01,BLDG_02,ASSET_009,Pump,24.336,0.217,4.449,24.174,1,0,1,0,0,2,Watch,Sudden power deviation
2026-01-15 00:30:00,SITE_01,BLDG_02,ASSET_009,Pump,19.577,1.108,4.729,2.849,1,0,1,0,0,2,Watch,Excessive vibration
2026-01-16 10:00:00,SITE_01,BLDG_02,ASSET_009,Pump,26.011,0.119,4.255,8.946,1,0,1,0,0,2,Watch,Excessive vibration
2026-01-16 18:15:00,SITE_01,BLDG_02,ASSET_009,Pump,21.875,0.344,4.892,16.193,0,1,1,0,0,2,Watch,Multivariate abnormal behavior
2026-01-17 13:30:00,SITE_01,BLDG_02,ASSET_009,Pump,25.456,0.259,3.933,8.247,1,0,1,0,0,2,Watch,Abnormal pressure
2026-01-19 17:45:00,SITE_01,BLDG_02,ASSET_009,Pump,23.237,1.31,4.514,11.304,1,1,1,0,0,3,Anomaly,Excessive vibration
2026-01-20 14:00:00,SITE_01,BLDG_02,ASSET_009,Pump,25.223,0.225,3.95,11.159,1,0,1,0,0,2,Watch,Abnormal pressure
2026-01-26 14:00:00,SITE_01,BLDG_02,ASSET_009,Pump,25.505,0.892,4.374,10.494,1,1,1,1,0,4,Critical,Excessive vibration
2026-01-30 18:00:00,SITE_01,BLDG_02,ASSET_009,Pump,23.163,0.28,4.162,25.156,1,0,1,0,0,2,Watch,Sudden power deviation
2026-02-01 11:15:00,SITE_01,BLDG_02,ASSET_009,Pump,26.384,0.28,4.493,30.907,1,0,1,0,0,2,Watch,Sudden power deviation
2026-02-02 11:30:00,SITE_01,BLDG_02,ASSET_009,Pump,25.996,0.246,3.945,8.17,1,0,1,0,0,2,Watch,Abnormal pressure
2026-02-05 16:00:00,SITE_01,BLDG_02,ASSET_009,Pump,25.044,0.234,4.503,28.758,1,0,1,0,0,2,Watch,Sudden power deviation
2026-02-08 17:15:00,SITE_01,BLDG_02,ASSET_009,Pump,23.622,0.235,4.371,27.73,1,0,1,0,0,2,Watch,Sudden power deviation
2026-02-10 14:15:00,SITE_01,BLDG_02,ASSET_009,Pump,25.535,1.107,4.287,11.91,1,1,1,0,0,3,Anomaly,Excessive vibration
2026-02-10 18:00:00,SITE_01,BLDG_02,ASSET_009,Pump,23.014,0.291,5.253,12.031,1,1,0,0,0,2,Watch,Abnormal pressure
2026-02-12 17:30:00,SITE_01,BLDG_02,ASSET_009,Pump,23.062,0.339,4.916,15.59,0,1,1,0,0,2,Watch,Multivariate abnormal behavior
2026-02-17 19:00:00,SITE_01,BLDG_02,ASSET_009,Pump,22.364,0.231,4.582,28.831,1,0,1,0,0,2,Watch,Sudden power deviation
2026-02-19 14:15:00,SITE_01,BLDG_02,ASSET_009,Pump,25.923,0.388,4.766,10.766,1,0,1,0,0,2,Watch,Excessive vibration
2026-02-21 01:30:00,SITE_01,BLDG_02,ASSET_009,Pump,21.096,0.261,4.096,33.853,1,0,1,0,0,2,Watch,Sudden power deviation
2026-02-28 12:15:00,SITE_01,BLDG_02,ASSET_009,Pump,25.816,1.544,4.549,10.605,1,1,1,0,0,3,Anomaly,Excessive vibration
2026-03-03 08:30:00,SITE_01,BLDG_02,ASSET_009,Pump,25.116,0.117,5.0,9.432,1,1,0,0,0,2,Watch,Excessive vibration
2026-03-13 09:15:00,SITE_01,BLDG_02,ASSET_009,Pump,24.986,0.32,5.115,8.25,1,1,0,0,0,2,Watch,Abnormal pressure
2026-03-15 22:15:00,SITE_01,BLDG_02,ASSET_009,Pump,20.334,0.202,4.431,24.656,1,0,1,0,0,2,Watch,Sudden power deviation
2026-03-23 04:30:00,SITE_01,BLDG_02,ASSET_009,Pump,21.102,0.792,4.252,4.772,1,1,1,0,0,3,Anomaly,Excessive vibration
2026-03-23 13:15:00,SITE_01,BLDG_02,ASSET_009,Pump,25.777,0.253,4.42,27.587,1,0,1,0,0,2,Watch,Sudden power deviation
2026-03-24 03:30:00,SITE_01,BLDG_02,ASSET_009,Pump,20.717,1.71,4.304,5.663,1,0,1,0,0,2,Watch,Excessive vibration
2026-03-24 12:45:00,SITE_01,BLDG_02,ASSET_009,Pump,26.718,0.361,4.563,16.059,0,1,1,0,0,2,Watch,Multivariate abnormal behavior
2026-03-24 13:15:00,SITE_01,BLDG_02,ASSET_009,Pump,25.561,0.381,4.541,12.364,1,0,1,0,0,2,Watch,Excessive vibration
2026-03-24 13:45:00,SITE_01,BLDG_02,ASSET_009,Pump,25.095,0.436,4.318,12.002,1,0,1,0,0,2,Watch,Excessive vibration
2026-03-24 14:00:00,SITE_01,BLDG_02,ASSET_009,Pump,24.475,0.416,4.435,13.763,1,1,1,0,0,3,Anomaly,Excessive vibration
2026-03-24 14:15:00,SITE_01,BLDG_02,ASSET_009,Pump,26.094,0.446,4.707,11.072,1,0,1,0,0,2,Watch,Excessive vibration
2026-03-24 14:45:00,SITE_01,BLDG_02,ASSET_009,Pump,24.954,0.457,4.633,11.326,1,0,1,0,0,2,Watch,Excessive vibration
2026-03-24 15:00:00,SITE_01,BLDG_02,ASSET_009,Pump,23.764,0.396,4.646,10.843,1,0,1,0,0,2,Watch,Excessive vibration
2026-03-24 15:15:00,SITE_01,BLDG_02,ASSET_009,Pump,25.342,0.421,4.836,13.401,1,0,1,0,0,2,Watch,Excessive vibration
2026-03-24 15:30:00,SITE_01,BLDG_02,ASSET_009,Pump,25.589,0.524,4.743,10.649,1,1,1,1,0,4,Critical,Excessive vibration
2026-03-24 15:45:00,SITE_01,BLDG_02,ASSET_009,Pump,25.262,0.543,4.534,17.534,1,0,1,0,0,2,Watch,Excessive vibration
2026-03-24 16:00:00,SITE_01,BLDG_02,ASSET_009,Pump,25.519,0.449,4.153,9.056,1,1,1,0,0,3,Anomaly,Excessive vibration
2026-03-24 16:15:00,SITE_01,BLDG_02,ASSET_009,Pump,23.486,0.429,4.984,16.102,1,1,1,0,0,3,Anomaly,Excessive vibration
2026-03-24 16:30:00,SITE_01,BLDG_02,ASSET_009,Pump,24.906,0.488,4.888,12.311,1,0,1,0,0,2,Watch,Excessive vibration
2026-03-24 16:45:00,SITE_01,BLDG_02,ASSET_009,Pump,24.452,0.508,4.844,10.001,1,0,1,0,0,2,Watch,Excessive vibration
2026-03-24 17:00:00,SITE_01,BLDG_02,ASSET_009,Pump,23.373,0.694,4.376,13.858,1,1,1,0,0,3,Anomaly,Excessive vibration
2026-03-24 17:15:00,SITE_01,BLDG_02,ASSET_009,Pump,,0.401,4.659,14.36,1,0,1,0,0,2,Watch,Excessive vibration
2026-03-24 17:30:00,SITE_01,BLDG_02,ASSET_009,Pump,23.02,0.572,4.847,9.923,1,0,1,1,0,3,Anomaly,Excessive vibration
2026-03-24 17:45:00,SITE_01,BLDG_02,ASSET_009,Pump,23.668,0.586,5.121,11.815,1,1,1,0,0,3,Anomaly,Excessive vibration
2026-03-24 18:00:00,SITE_01,BLDG_02,ASSET_009,Pump,24.214,0.476,4.68,17.619,1,1,1,0,0,3,Anomaly,Excessive vibration
2026-03-24 18:15:00,SITE_01,BLDG_02,ASSET_009,Pump,23.56,0.617,4.256,14.944,1,1,1,0,0,3,Anomaly,Excessive vibration
2026-03-24 18:30:00,SITE_01,BLDG_02,ASSET_009,Pump,22.641,0.647,4.95,9.986,1,1,1,0,0,3,Anomaly,Excessive vibration
2026-03-24 18:45:00,SITE_01,BLDG_02,ASSET_009,Pump,23.513,0.772,5.027,14.233,1,1,1,0,0,3,Anomaly,Excessive vibration
2026-03-24 19:00:00,SITE_01,BLDG_02,ASSET_009,Pump,21.814,0.75,4.945,4.498,1,1,1,0,0,3,Anomaly,Excessive vibration
2026-03-24 19:15:00,SITE_01,BLDG_02,ASSET_009,Pump,22.234,0.655,4.386,2.051,1,1,1,1,0,4,Critical,Excessive vibration
2026-03-24 19:30:00,SITE_01,BLDG_02,ASSET_009,Pump,21.977,0.786,5.072,10.413,1,1,1,0,0,3,Anomaly,Excessive vibration
2026-03-24 19:45:00,SITE_01,BLDG_02,ASSET_009,Pump,22.26,0.744,4.764,3.555,1,1,1,0,0,3,Anomaly,Excessive vibration
2026-03-24 20:00:00,SITE_01,BLDG_02,ASSET_009,Pump,,0.871,4.533,0.271,1,1,1,0,0,3,Anomaly,Excessive vibration
2026-03-24 20:15:00,SITE_01,BLDG_02,ASSET_009,Pump,21.423,0.877,4.84,7.671,1,1,1,0,0,3,Anomaly,Excessive vibration
2026-03-24 20:30:00,SITE_01,BLDG_02,ASSET_009,Pump,21.564,0.776,4.715,4.03,1,0,1,0,0,2,Watch,Excessive vibration
2026-03-24 20:45:00,SITE_01,BLDG_02,ASSET_009,Pump,21.472,0.812,4.739,1.758,1,0,1,1,0,3,Anomaly,Excessive vibration
2026-03-24 21:00:00,SITE_01,BLDG_02,ASSET_009,Pump,20.19,0.748,4.984,3.656,1,1,1,0,0,3,Anomaly,Excessive vibration
2026-03-24 21:15:00,SITE_01,BLDG_02,ASSET_009,Pump,21.29,0.708,4.966,8.625,1,1,1,0,0,3,Anomaly,Excessive vibration
2026-03-24 21:30:00,SITE_01,BLDG_02,ASSET_009,Pump,21.218,0.877,4.795,13.156,1,1,1,0,0,3,Anomaly,Excessive vibration
2026-03-24 21:45:00,SITE_01,BLDG_02,ASSET_009,Pump,20.867,0.89,4.474,5.451,1,1,1,1,0,4,Critical,Excessive vibration
2026-03-24 22:00:00,SITE_01,BLDG_02,ASSET_009,Pump,20.473,0.947,5.418,6.375,1,1,1,0,0,3,Anomaly,Excessive vibration
2026-03-24 22:15:00,SITE_01,BLDG_02,ASSET_009,Pump,19.629,0.743,5.077,5.156,1,1,1,0,0,3,Anomaly,Excessive vibration
2026-03-24 22:30:00,SITE_01,BLDG_02,ASSET_009,Pump,20.095,0.62,4.898,5.718,1,1,1,0,0,3,Anomaly,Excessive vibration
2026-03-24 22:45:00,SITE_01,BLDG_02,ASSET_009,Pump,20.422,0.808,4.904,0.275,1,1,1,0,0,3,Anomaly,Excessive vibration
2026-03-24 23:00:00,SITE_01,BLDG_02,ASSET_009,Pump,20.274,0.969,4.994,4.0,1,1,1,0,0,3,Anomaly,Excessive vibration
2026-03-24 23:15:00,SITE_01,BLDG_02,ASSET_009,Pump,20.188,0.739,4.968,6.877,1,0,1,0,0,2,Watch,Excessive vibration
2026-03-24 23:30:00,SITE_01,BLDG_02,ASSET_009,Pump,20.186,0.814,4.747,9.232,1,1,1,0,0,3,Anomaly,Excessive vibration
2026-03-26 00:15:00,SITE_01,BLDG_02,ASSET_009,Pump,20.27,1.324,4.226,0.288,1,1,1,0,0,3,Anomaly,Excessive vibration
2026-03-30 11:15:00,SITE_01,BLDG_02,ASSET_009,Pump,26.505,0.223,3.91,9.776,1,0,1,0,0,2,Watch,Abnormal pressure
2026-01-01 16:30:00,SITE_01,BLDG_02,ASSET_010,Energy Meter,23.256,0.024,0.906,109.642,1,1,1,0,0,3,Anomaly,Excessive vibration
2026-01-04 16:45:00,SITE_01,BLDG_02,ASSET_010,Energy Meter,22.974,0.468,0.953,60.966,1,1,1,0,0,3,Anomaly,Excessive vibration
2026-01-06 13:45:00,SITE_01,BLDG_02,ASSET_010,Energy Meter,24.021,0.049,1.193,112.403,0,1,1,0,0,2,Watch,Multivariate abnormal behavior
2026-01-11 16:15:00,SITE_01,BLDG_02,ASSET_010,Energy Meter,23.499,0.057,1.032,195.288,1,0,1,0,0,2,Watch,Sudden power deviation
2026-01-12 15:30:00,SITE_01,BLDG_02,ASSET_010,Energy Meter,23.953,0.119,0.695,115.9,1,1,0,0,0,2,Watch,Abnormal pressure
2026-01-13 05:30:00,SITE_01,BLDG_02,ASSET_010,Energy Meter,20.378,0.586,1.044,31.602,1,0,1,0,0,2,Watch,Excessive vibration
2026-01-15 10:15:00,SITE_01,BLDG_02,ASSET_010,Energy Meter,25.461,0.043,1.123,110.051,0,1,1,0,0,2,Watch,Multivariate abnormal behavior
2026-01-17 21:15:00,SITE_01,BLDG_02,ASSET_010,Energy Meter,19.803,0.66,,33.179,1,0,1,1,0,3,Anomaly,Excessive vibration
2026-01-20 16:30:00,SITE_01,BLDG_02,ASSET_010,Energy Meter,22.848,0.095,0.979,204.834,1,0,1,0,0,2,Watch,Sudden power deviation
2026-01-21 11:30:00,SITE_01,BLDG_02,ASSET_010,Energy Meter,25.408,0.087,0.689,110.665,1,1,0,0,0,2,Watch,Abnormal pressure
2026-01-24 01:30:00,SITE_01,BLDG_02,ASSET_010,Energy Meter,18.984,0.069,0.724,55.471,1,0,1,0,0,2,Watch,Abnormal pressure
2026-01-26 02:00:00,SITE_01,BLDG_02,ASSET_010,Energy Meter,19.295,0.06,0.728,54.071,1,0,1,0,0,2,Watch,Abnormal pressure
2026-01-27 17:15:00,SITE_01,BLDG_02,ASSET_010,Energy Meter,22.841,0.026,1.128,108.371,1,0,1,0,0,2,Watch,Excessive vibration
2026-01-28 13:30:00,SITE_01,BLDG_02,ASSET_010,Energy Meter,24.248,0.025,0.897,109.525,1,1,0,0,0,2,Watch,Excessive vibration
2026-01-29 10:30:00,SITE_01,BLDG_02,ASSET_010,Energy Meter,24.135,0.026,1.036,104.938,1,0,1,0,0,2,Watch,Excessive vibration
2026-01-29 10:45:00,SITE_01,BLDG_02,ASSET_010,Energy Meter,24.52,0.024,1.129,97.301,1,0,1,0,0,2,Watch,Excessive vibration
2026-01-29 11:45:00,SITE_01,BLDG_02,ASSET_010,Energy Meter,24.827,0.103,0.704,113.579,1,1,0,0,0,2,Watch,Abnormal pressure
2026-02-02 13:45:00,SITE_01,BLDG_02,ASSET_010,Energy Meter,25.082,0.064,1.158,115.04,0,1,1,0,0,2,Watch,Multivariate abnormal behavior
2026-02-03 08:15:00,SITE_01,BLDG_02,ASSET_010,Energy Meter,22.807,0.056,1.081,296.199,1,0,1,1,0,3,Anomaly,Sudden power deviation
2026-02-06 16:30:00,SITE_01,BLDG_02,ASSET_010,Energy Meter,22.838,0.048,1.273,87.092,1,0,1,0,0,2,Watch,Abnormal pressure
2026-02-06 18:30:00,SITE_01,BLDG_02,ASSET_010,Energy Meter,21.509,0.09,1.352,86.584,1,0,1,0,0,2,Watch,Abnormal pressure
2026-02-09 09:45:00,SITE_01,BLDG_02,ASSET_010,Energy Meter,23.852,0.107,1.025,245.522,1,0,1,0,0,2,Watch,Sudden power deviation
2026-02-11 13:45:00,SITE_01,BLDG_02,ASSET_010,Energy Meter,25.363,0.058,1.276,100.98,1,0,1,0,0,2,Watch,Abnormal pressure
2026-02-14 02:15:00,SITE_01,BLDG_02,ASSET_010,Energy Meter,19.792,0.093,0.735,58.305,1,0,1,0,0,2,Watch,Abnormal pressure
2026-02-17 10:45:00,SITE_01,BLDG_02,ASSET_010,Energy Meter,24.461,0.019,1.113,107.245,1,0,1,0,0,2,Watch,Excessive vibration
2026-02-18 12:00:00,SITE_01,BLDG_02,ASSET_010,Energy Meter,25.723,0.048,0.905,121.915,0,1,1,0,0,2,Watch,Multivariate abnormal behavior
2026-02-18 18:45:00,SITE_01,BLDG_02,ASSET_010,Energy Meter,21.23,0.054,1.177,59.024,0,1,1,0,0,2,Watch,Multivariate abnormal behavior
2026-02-21 12:45:00,SITE_01,BLDG_02,ASSET_010,Energy Meter,24.927,0.024,1.22,146.162,1,1,1,0,0,3,Anomaly,Excessive vibration
2026-02-25 02:15:00,SITE_01,BLDG_02,ASSET_010,Energy Meter,18.889,0.02,,60.81,1,0,1,0,0,2,Watch,Excessive vibration
2026-02-25 15:45:00,SITE_01,BLDG_02,ASSET_010,Energy Meter,24.041,0.014,0.993,98.238,1,0,1,0,0,2,Watch,Excessive vibration
2026-02-26 22:45:00,SITE_01,BLDG_02,ASSET_010,Energy Meter,19.059,0.07,1.297,71.858,1,0,1,0,0,2,Watch,Abnormal pressure
2026-03-04 08:15:00,SITE_01,BLDG_02,ASSET_010,Energy Meter,22.735,0.362,0.975,82.744,1,1,1,0,0,3,Anomaly,Excessive vibration
2026-03-04 17:15:00,SITE_01,BLDG_02,ASSET_010,Energy Meter,22.144,0.072,0.807,52.875,0,1,1,0,0,2,Watch,Multivariate abnormal behavior
2026-03-06 09:45:00,SITE_01,BLDG_02,ASSET_010,Energy Meter,23.226,0.607,0.989,111.654,1,1,0,0,0,2,Watch,Excessive vibration
2026-03-07 15:45:00,SITE_01,BLDG_02,ASSET_010,Energy Meter,23.663,0.465,1.053,67.584,1,0,1,0,0,2,Watch,Excessive vibration
2026-03-09 11:45:00,SITE_01,BLDG_02,ASSET_010,Energy Meter,23.598,0.019,0.973,96.273,1,0,1,0,0,2,Watch,Excessive vibration
2026-03-09 18:15:00,SITE_01,BLDG_02,ASSET_010,Energy Meter,21.205,0.094,0.695,101.808,1,1,0,0,0,2,Watch,Abnormal pressure
2026-03-10 17:30:00,SITE_01,BLDG_02,ASSET_010,Energy Meter,21.843,0.045,1.102,108.227,0,1,1,0,0,2,Watch,Multivariate abnormal behavior
2026-03-11 23:30:00,SITE_01,BLDG_02,ASSET_010,Energy Meter,19.616,0.248,0.881,35.778,1,0,1,0,0,2,Watch,Excessive vibration
2026-03-11 23:45:00,SITE_01,BLDG_02,ASSET_010,Energy Meter,18.601,0.196,0.964,62.587,1,0,0,0,1,2,Watch,Excessive vibration
2026-03-12 00:00:00,SITE_01,BLDG_02,ASSET_010,Energy Meter,18.762,0.209,0.945,37.568,1,0,0,0,1,2,Watch,Excessive vibration
2026-03-12 00:15:00,SITE_01,BLDG_02,ASSET_010,Energy Meter,18.363,0.2,1.012,36.517,1,0,0,0,1,2,Watch,Excessive vibration
2026-03-12 00:30:00,SITE_01,BLDG_02,ASSET_010,Energy Meter,18.808,0.196,0.898,33.537,1,0,0,0,1,2,Watch,Excessive vibration
2026-03-12 01:00:00,SITE_01,BLDG_02,ASSET_010,Energy Meter,18.743,0.259,0.865,56.44,1,0,1,0,0,2,Watch,Excessive vibration
2026-03-12 01:15:00,SITE_01,BLDG_02,ASSET_010,Energy Meter,17.927,0.258,1.076,38.291,1,0,1,0,0,2,Watch,Excessive vibration
2026-03-12 02:15:00,SITE_01,BLDG_02,ASSET_010,Energy Meter,19.548,0.268,1.108,38.952,1,0,1,0,0,2,Watch,Excessive vibration
2026-03-12 02:30:00,SITE_01,BLDG_02,ASSET_010,Energy Meter,19.362,0.304,0.895,62.509,1,0,1,0,0,2,Watch,Excessive vibration
2026-03-12 03:00:00,SITE_01,BLDG_02,ASSET_010,Energy Meter,18.757,0.329,1.185,42.022,1,0,1,0,0,2,Watch,Excessive vibration
2026-03-12 03:15:00,SITE_01,BLDG_02,ASSET_010,Energy Meter,19.356,0.344,0.959,38.841,1,0,1,1,0,3,Anomaly,Excessive vibration
2026-03-12 03:30:00,SITE_01,BLDG_02,ASSET_010,Energy Meter,19.197,0.257,1.05,34.28,1,0,1,0,0,2,Watch,Excessive vibration
2026-03-12 03:45:00,SITE_01,BLDG_02,ASSET_010,Energy Meter,19.178,0.239,0.923,36.696,1,0,1,0,0,2,Watch,Excessive vibration
2026-03-12 04:00:00,SITE_01,BLDG_02,ASSET_010,Energy Meter,20.207,0.344,0.839,37.383,1,0,1,0,0,2,Watch,Excessive vibration
2026-03-12 04:15:00,SITE_01,BLDG_02,ASSET_010,Energy Meter,20.215,0.394,0.991,38.575,1,0,1,0,0,2,Watch,Excessive vibration
2026-03-12 04:30:00,SITE_01,BLDG_02,ASSET_010,Energy Meter,20.471,0.303,0.913,66.435,1,1,1,0,0,3,Anomaly,Excessive vibration
2026-03-12 04:45:00,SITE_01,BLDG_02,ASSET_010,Energy Meter,19.955,0.261,0.964,36.519,1,0,1,0,0,2,Watch,Excessive vibration
2026-03-12 05:00:00,SITE_01,BLDG_02,ASSET_010,Energy Meter,21.555,0.257,0.931,40.01,1,0,1,0,0,2,Watch,Excessive vibration
2026-03-12 05:15:00,SITE_01,BLDG_02,ASSET_010,Energy Meter,20.521,0.323,0.918,33.519,1,0,1,0,0,2,Watch,Excessive vibration
2026-03-12 05:45:00,SITE_01,BLDG_02,ASSET_010,Energy Meter,20.592,0.346,0.829,39.937,1,0,1,0,0,2,Watch,Excessive vibration
2026-03-12 06:00:00,SITE_01,BLDG_02,ASSET_010,Energy Meter,21.35,0.354,0.91,40.169,1,0,1,0,0,2,Watch,Excessive vibration
2026-03-12 06:15:00,SITE_01,BLDG_02,ASSET_010,Energy Meter,21.66,0.274,0.955,39.372,1,0,1,0,0,2,Watch,Excessive vibration
2026-03-12 06:30:00,SITE_01,BLDG_02,ASSET_010,Energy Meter,21.755,0.44,0.784,64.578,1,1,1,0,0,3,Anomaly,Excessive vibration
2026-03-12 06:45:00,SITE_01,BLDG_02,ASSET_010,Energy Meter,21.673,0.335,0.886,39.225,1,0,1,0,0,2,Watch,Excessive vibration
2026-03-12 07:00:00,SITE_01,BLDG_02,ASSET_010,Energy Meter,22.418,0.398,0.958,45.471,1,0,1,0,0,2,Watch,Excessive vibration
2026-03-12 07:15:00,SITE_01,BLDG_02,ASSET_010,Energy Meter,22.238,0.401,0.945,76.118,1,1,1,1,0,4,Critical,Excessive vibration
2026-03-12 07:30:00,SITE_01,BLDG_02,ASSET_010,Energy Meter,23.248,0.54,1.003,40.856,1,1,1,0,0,3,Anomaly,Excessive vibration
2026-03-12 12:45:00,SITE_01,BLDG_02,ASSET_010,Energy Meter,23.401,0.062,1.325,102.236,1,1,1,0,0,3,Anomaly,Abnormal pressure
2026-03-12 14:45:00,SITE_01,BLDG_02,ASSET_010,Energy Meter,24.266,0.069,0.984,264.257,1,0,1,0,0,2,Watch,Sudden power deviation
2026-03-14 11:30:00,SITE_01,BLDG_02,ASSET_010,Energy Meter,24.287,0.025,1.114,70.465,1,0,1,0,0,2,Watch,Excessive vibration
2026-03-17 17:00:00,SITE_01,BLDG_02,ASSET_010,Energy Meter,22.647,0.088,1.026,228.361,1,0,1,0,0,2,Watch,Sudden power deviation
2026-03-18 09:15:00,SITE_01,BLDG_02,ASSET_010,Energy Meter,23.989,0.017,1.207,106.097,1,0,1,0,0,2,Watch,Excessive vibration
2026-03-20 09:30:00,SITE_01,BLDG_02,ASSET_010,Energy Meter,24.173,0.105,0.931,301.865,1,1,1,0,0,3,Anomaly,Sudden power deviation
2026-03-20 18:45:00,SITE_01,BLDG_02,ASSET_010,Energy Meter,22.152,0.085,1.083,208.245,1,0,1,0,0,2,Watch,Sudden power deviation
2026-03-25 01:15:00,SITE_01,BLDG_02,ASSET_010,Energy Meter,18.377,0.108,0.727,58.675,1,0,1,0,0,2,Watch,Abnormal pressure
2026-03-25 11:30:00,SITE_01,BLDG_02,ASSET_010,Energy Meter,24.83,0.044,1.236,282.339,1,1,1,1,0,4,Critical,Sudden power deviation
2026-03-31 17:45:00,SITE_01,BLDG_02,ASSET_010,Energy Meter,22.341,0.073,0.826,252.308,1,1,1,0,0,3,Anomaly,Sudden power deviation
2026-01-04 06:30:00,SITE_02,BLDG_03,ASSET_011,Chiller,22.479,0.509,1.5,11.598,1,0,1,1,0,3,Anomaly,Excessive vibration
2026-01-05 11:00:00,SITE_02,BLDG_03,ASSET_011,Chiller,,0.601,1.534,87.077,1,1,1,0,0,3,Anomaly,Excessive vibration
2026-01-07 10:30:00,SITE_02,BLDG_03,ASSET_011,Chiller,23.53,0.078,1.496,77.244,1,0,1,0,0,2,Watch,Excessive vibration
2026-01-19 08:30:00,SITE_02,BLDG_03,ASSET_011,Chiller,23.19,0.721,1.596,84.083,1,1,1,0,0,3,Anomaly,Excessive vibration
2026-01-19 16:15:00,SITE_02,BLDG_03,ASSET_011,Chiller,23.571,0.077,1.555,92.032,1,0,1,0,0,2,Watch,Excessive vibration
2026-01-19 17:30:00,SITE_02,BLDG_03,ASSET_011,Chiller,22.692,0.181,1.419,213.587,1,0,1,1,0,3,Anomaly,Sudden power deviation
2026-01-21 13:15:00,SITE_02,BLDG_03,ASSET_011,Chiller,24.837,0.073,1.483,92.507,1,0,1,0,0,2,Watch,Excessive vibration
2026-01-22 17:30:00,SITE_02,BLDG_03,ASSET_011,Chiller,22.451,0.133,1.752,17.66,1,1,0,0,0,2,Watch,Abnormal pressure
2026-01-23 14:30:00,SITE_02,BLDG_03,ASSET_011,Chiller,24.209,0.12,1.732,77.456,1,0,1,0,0,2,Watch,Abnormal pressure
2026-01-29 16:15:00,SITE_02,BLDG_03,ASSET_011,Chiller,24.077,0.164,1.36,201.451,1,1,1,0,0,3,Anomaly,Sudden power deviation
2026-01-30 15:00:00,SITE_02,BLDG_03,ASSET_011,Chiller,23.461,0.115,1.653,95.919,0,1,1,0,0,2,Watch,Multivariate abnormal behavior
2026-01-30 22:15:00,SITE_02,BLDG_03,ASSET_011,Chiller,20.283,0.079,1.481,41.649,1,0,1,0,0,2,Watch,Excessive vibration
2026-01-31 04:00:00,SITE_02,BLDG_03,ASSET_011,Chiller,19.939,0.848,1.582,5.951,1,0,1,0,0,2,Watch,Excessive vibration
2026-01-31 10:45:00,SITE_02,BLDG_03,ASSET_011,Chiller,24.694,0.067,1.644,56.898,1,0,1,0,0,2,Watch,Excessive vibration
2026-01-31 19:30:00,SITE_02,BLDG_03,ASSET_011,Chiller,21.449,0.681,1.526,8.46,1,0,1,0,0,2,Watch,Excessive vibration
2026-02-01 20:30:00,SITE_02,BLDG_03,ASSET_011,Chiller,21.646,0.251,1.588,7.577,1,0,0,0,1,2,Watch,Excessive vibration
2026-02-01 22:30:00,SITE_02,BLDG_03,ASSET_011,Chiller,21.97,0.334,1.555,46.565,1,0,0,1,1,3,Anomaly,Excessive vibration
2026-02-01 22:45:00,SITE_02,BLDG_03,ASSET_011,Chiller,20.974,0.425,1.402,10.931,1,0,1,0,0,2,Watch,Excessive vibration
2026-02-01 23:00:00,SITE_02,BLDG_03,ASSET_011,Chiller,19.48,0.465,1.616,8.515,1,0,1,0,0,2,Watch,Excessive vibration
2026-02-01 23:15:00,SITE_02,BLDG_03,ASSET_011,Chiller,20.671,0.421,1.591,10.026,1,0,1,1,1,4,Critical,Excessive vibration
2026-02-01 23:30:00,SITE_02,BLDG_03,ASSET_011,Chiller,20.641,0.376,1.586,5.195,1,0,1,0,1,3,Anomaly,Excessive vibration
2026-02-01 23:45:00,SITE_02,BLDG_03,ASSET_011,Chiller,19.834,0.382,1.49,43.481,1,0,0,0,1,2,Watch,Excessive vibration
2026-02-02 00:00:00,SITE_02,BLDG_03,ASSET_011,Chiller,21.033,0.454,1.577,9.803,1,0,1,0,0,2,Watch,Excessive vibration
2026-02-02 00:15:00,SITE_02,BLDG_03,ASSET_011,Chiller,20.797,0.473,1.674,8.757,1,0,1,0,0,2,Watch,Excessive vibration
2026-02-02 00:30:00,SITE_02,BLDG_03,ASSET_011,Chiller,20.96,0.384,1.621,51.246,1,1,0,1,0,3,Anomaly,Excessive vibration
2026-02-02 00:45:00,SITE_02,BLDG_03,ASSET_011,Chiller,20.572,0.464,1.677,7.477,1,0,1,0,0,2,Watch,Excessive vibration
2026-02-02 01:15:00,SITE_02,BLDG_03,ASSET_011,Chiller,21.113,0.425,1.541,7.154,1,0,1,0,0,2,Watch,Excessive vibration
2026-02-02 01:30:00,SITE_02,BLDG_03,ASSET_011,Chiller,20.175,0.422,1.664,12.081,1,0,1,0,0,2,Watch,Excessive vibration
2026-02-02 01:45:00,SITE_02,BLDG_03,ASSET_011,Chiller,22.069,0.484,1.667,40.64,1,1,0,0,0,2,Watch,Excessive vibration
2026-02-02 02:00:00,SITE_02,BLDG_03,ASSET_011,Chiller,20.936,0.449,1.461,52.271,1,1,0,0,0,2,Watch,Excessive vibration
2026-02-02 02:15:00,SITE_02,BLDG_03,ASSET_011,Chiller,21.925,0.612,1.53,5.659,1,0,1,0,0,2,Watch,Excessive vibration
2026-02-02 02:30:00,SITE_02,BLDG_03,ASSET_011,Chiller,21.337,0.467,1.617,9.059,1,0,1,0,0,2,Watch,Excessive vibration
2026-02-02 02:45:00,SITE_02,BLDG_03,ASSET_011,Chiller,22.187,0.642,1.611,7.785,1,1,1,0,0,3,Anomaly,Excessive vibration
2026-02-02 03:00:00,SITE_02,BLDG_03,ASSET_011,Chiller,20.693,0.637,1.71,11.95,1,1,1,0,0,3,Anomaly,Excessive vibration
2026-02-02 03:15:00,SITE_02,BLDG_03,ASSET_011,Chiller,22.787,0.528,1.61,52.413,1,1,0,0,0,2,Watch,Excessive vibration
2026-02-02 03:30:00,SITE_02,BLDG_03,ASSET_011,Chiller,22.959,0.59,1.656,15.354,1,1,1,0,0,3,Anomaly,Excessive vibration
2026-02-02 03:45:00,SITE_02,BLDG_03,ASSET_011,Chiller,23.416,0.635,1.618,12.937,1,0,1,0,0,2,Watch,Excessive vibration
2026-02-02 04:00:00,SITE_02,BLDG_03,ASSET_011,Chiller,22.9,0.603,1.5,11.958,1,1,1,0,0,3,Anomaly,Excessive vibration
2026-02-02 04:15:00,SITE_02,BLDG_03,ASSET_011,Chiller,22.438,0.73,1.59,10.002,1,1,1,1,0,4,Critical,Excessive vibration
2026-02-02 04:30:00,SITE_02,BLDG_03,ASSET_011,Chiller,24.405,0.569,1.602,44.023,1,1,0,0,0,2,Watch,Excessive vibration
2026-02-02 04:45:00,SITE_02,BLDG_03,ASSET_011,Chiller,24.699,0.747,1.642,14.428,1,1,1,0,0,3,Anomaly,Excessive vibration
2026-02-02 05:00:00,SITE_02,BLDG_03,ASSET_011,Chiller,22.516,0.504,1.614,10.163,1,1,1,0,0,3,Anomaly,Excessive vibration
2026-02-02 05:15:00,SITE_02,BLDG_03,ASSET_011,Chiller,24.14,0.722,1.663,13.945,1,0,1,1,0,3,Anomaly,Excessive vibration
2026-02-02 05:30:00,SITE_02,BLDG_03,ASSET_011,Chiller,24.155,0.675,1.592,51.033,1,1,0,0,0,2,Watch,Excessive vibration
2026-02-02 05:45:00,SITE_02,BLDG_03,ASSET_011,Chiller,23.973,0.737,1.73,10.251,1,0,1,0,0,2,Watch,Excessive vibration
2026-02-02 10:30:00,SITE_02,BLDG_03,ASSET_011,Chiller,24.248,0.076,1.536,96.731,1,1,1,0,0,3,Anomaly,Excessive vibration
2026-02-04 10:30:00,SITE_02,BLDG_03,ASSET_011,Chiller,25.225,0.145,1.485,220.958,1,1,1,1,0,4,Critical,Sudden power deviation
2026-02-05 10:00:00,SITE_02,BLDG_03,ASSET_011,Chiller,24.181,0.064,1.447,81.347,1,0,1,0,0,2,Watch,Excessive vibration
2026-02-08 13:00:00,SITE_02,BLDG_03,ASSET_011,Chiller,26.137,0.322,1.454,66.397,1,0,0,1,0,2,Watch,Excessive vibration
2026-02-08 17:00:00,SITE_02,BLDG_03,ASSET_011,Chiller,23.774,0.489,1.575,53.842,1,1,0,0,0,2,Watch,Excessive vibration
2026-02-08 17:45:00,SITE_02,BLDG_03,ASSET_011,Chiller,23.586,0.428,1.481,46.135,1,1,0,0,0,2,Watch,Excessive vibration
2026-02-08 18:15:00,SITE_02,BLDG_03,ASSET_011,Chiller,23.16,0.554,1.413,43.202,1,1,1,1,0,4,Critical,Excessive vibration
2026-02-08 19:00:00,SITE_02,BLDG_03,ASSET_011,Chiller,22.681,0.536,1.481,7.666,1,1,0,0,0,2,Watch,Excessive vibration
2026-02-08 19:15:00,SITE_02,BLDG_03,ASSET_011,Chiller,22.441,0.428,1.511,11.596,1,1,1,0,0,3,Anomaly,Excessive vibration
2026-02-08 19:30:00,SITE_02,BLDG_03,ASSET_011,Chiller,21.476,0.535,1.612,11.32,1,1,1,0,0,3,Anomaly,Excessive vibration
2026-02-08 19:45:00,SITE_02,BLDG_03,ASSET_011,Chiller,23.348,0.492,1.736,11.767,1,1,1,0,0,3,Anomaly,Excessive vibration
2026-02-08 20:00:00,SITE_02,BLDG_03,ASSET_011,Chiller,22.953,0.435,1.698,11.387,1,1,1,0,0,3,Anomaly,Excessive vibration
2026-02-08 20:15:00,SITE_02,BLDG_03,ASSET_011,Chiller,21.479,0.452,1.633,10.481,1,0,1,0,0,2,Watch,Excessive vibration
2026-02-08 20:30:00,SITE_02,BLDG_03,ASSET_011,Chiller,22.401,0.587,1.722,52.099,1,1,0,0,0,2,Watch,Excessive vibration
2026-02-08 20:45:00,SITE_02,BLDG_03,ASSET_011,Chiller,23.269,0.524,1.614,12.496,1,0,1,0,0,2,Watch,Excessive vibration
2026-02-08 21:00:00,SITE_02,BLDG_03,ASSET_011,Chiller,22.276,0.531,1.68,11.567,1,0,1,0,0,2,Watch,Excessive vibration
2026-02-08 21:15:00,SITE_02,BLDG_03,ASSET_011,Chiller,21.679,0.439,1.562,9.505,1,0,1,0,0,2,Watch,Excessive vibration
2026-02-08 21:30:00,SITE_02,BLDG_03,ASSET_011,Chiller,22.118,0.436,1.736,45.04,1,1,1,0,0,3,Anomaly,Excessive vibration
2026-02-08 21:45:00,SITE_02,BLDG_03,ASSET_011,Chiller,24.209,0.552,1.536,12.88,1,0,1,0,0,2,Watch,Excessive vibration
2026-02-08 22:00:00,SITE_02,BLDG_03,ASSET_011,Chiller,21.855,0.509,1.63,10.823,1,0,1,0,0,2,Watch,Excessive vibration
2026-02-08 22:15:00,SITE_02,BLDG_03,ASSET_011,Chiller,22.262,0.551,1.709,8.467,1,1,1,1,0,4,Critical,Excessive vibration
2026-02-08 22:30:00,SITE_02,BLDG_03,ASSET_011,Chiller,21.915,0.507,1.459,10.773,1,1,1,0,0,3,Anomaly,Excessive vibration
2026-02-08 22:45:00,SITE_02,BLDG_03,ASSET_011,Chiller,23.022,0.802,1.773,50.106,1,1,0,0,0,2,Watch,Excessive vibration
2026-02-08 23:00:00,SITE_02,BLDG_03,ASSET_011,Chiller,21.497,0.727,1.606,12.349,1,1,1,0,0,3,Anomaly,Excessive vibration
2026-02-09 02:00:00,SITE_02,BLDG_03,ASSET_011,Chiller,19.48,0.627,1.334,7.468,1,1,1,0,0,3,Anomaly,Excessive vibration
2026-02-15 18:00:00,SITE_02,BLDG_03,ASSET_011,Chiller,22.312,0.624,1.597,49.496,1,1,0,1,0,3,Anomaly,Excessive vibration
2026-02-18 19:00:00,SITE_02,BLDG_03,ASSET_011,Chiller,20.293,0.069,1.605,7.387,1,1,0,0,0,2,Watch,Excessive vibration
2026-02-22 12:30:00,SITE_02,BLDG_03,ASSET_011,Chiller,24.698,0.834,1.246,51.099,1,1,1,0,0,3,Anomaly,Excessive vibration
2026-02-23 14:00:00,SITE_02,BLDG_03,ASSET_011,Chiller,,,1.352,244.397,1,1,1,0,0,3,Anomaly,Sudden power deviation
2026-02-24 01:30:00,SITE_02,BLDG_03,ASSET_011,Chiller,19.796,0.288,1.607,45.147,1,0,1,0,0,2,Watch,Excessive vibration
2026-02-24 03:45:00,SITE_02,BLDG_03,ASSET_011,Chiller,21.474,0.297,1.659,45.356,1,0,1,0,0,2,Watch,Excessive vibration
2026-02-24 05:15:00,SITE_02,BLDG_03,ASSET_011,Chiller,23.288,0.48,1.552,9.504,1,0,1,0,0,2,Watch,Excessive vibration
2026-02-24 05:30:00,SITE_02,BLDG_03,ASSET_011,Chiller,22.248,0.458,1.5,52.478,1,1,0,0,0,2,Watch,Excessive vibration
2026-02-24 05:45:00,SITE_02,BLDG_03,ASSET_011,Chiller,22.268,0.415,1.578,9.368,1,0,1,0,0,2,Watch,Excessive vibration
2026-02-24 06:00:00,SITE_02,BLDG_03,ASSET_011,Chiller,24.549,0.501,1.451,9.6,1,1,1,0,0,3,Anomaly,Excessive vibration
2026-02-24 06:15:00,SITE_02,BLDG_03,ASSET_011,Chiller,23.632,0.527,1.436,10.288,1,0,1,0,1,3,Anomaly,Excessive vibration
2026-02-24 06:30:00,SITE_02,BLDG_03,ASSET_011,Chiller,23.599,0.531,1.58,6.904,1,1,1,0,1,4,Critical,Excessive vibration
2026-02-24 06:45:00,SITE_02,BLDG_03,ASSET_011,Chiller,23.809,0.486,1.546,45.759,1,1,0,0,1,3,Anomaly,Excessive vibration
2026-02-24 07:00:00,SITE_02,BLDG_03,ASSET_011,Chiller,24.761,0.539,1.582,10.402,1,0,1,0,1,3,Anomaly,Excessive vibration
2026-02-24 07:15:00,SITE_02,BLDG_03,ASSET_011,Chiller,24.372,0.424,1.612,17.635,1,0,1,0,0,2,Watch,Excessive vibration
2026-02-24 07:30:00,SITE_02,BLDG_03,ASSET_011,Chiller,24.345,0.461,1.578,9.224,1,0,1,0,0,2,Watch,Excessive vibration
2026-02-24 07:45:00,SITE_02,BLDG_03,ASSET_011,Chiller,24.285,0.621,1.507,11.018,1,1,1,0,0,3,Anomaly,Excessive vibration
2026-02-24 08:00:00,SITE_02,BLDG_03,ASSET_011,Chiller,25.701,0.527,1.671,82.729,1,1,1,0,0,3,Anomaly,Excessive vibration
2026-02-24 08:15:00,SITE_02,BLDG_03,ASSET_011,Chiller,26.091,0.507,1.539,108.436,1,1,0,0,0,2,Watch,Excessive vibration
2026-02-24 08:30:00,SITE_02,BLDG_03,ASSET_011,Chiller,25.874,0.53,1.637,100.117,1,1,1,0,0,3,Anomaly,Excessive vibration
2026-02-24 08:45:00,SITE_02,BLDG_03,ASSET_011,Chiller,25.272,0.634,1.633,83.414,1,1,1,1,0,4,Critical,Excessive vibration
2026-02-24 09:00:00,SITE_02,BLDG_03,ASSET_011,Chiller,26.559,0.723,1.66,83.219,1,1,1,0,0,3,Anomaly,Excessive vibration
2026-02-24 09:15:00,SITE_02,BLDG_03,ASSET_011,Chiller,26.999,0.662,1.532,93.012,1,1,1,0,0,3,Anomaly,Excessive vibration
2026-02-24 09:30:00,SITE_02,BLDG_03,ASSET_011,Chiller,,0.484,1.931,90.51,1,1,1,0,0,3,Anomaly,Excessive vibration
2026-02-24 09:45:00,SITE_02,BLDG_03,ASSET_011,Chiller,26.503,0.579,1.603,108.8,1,1,1,0,0,3,Anomaly,Excessive vibration
2026-02-24 10:00:00,SITE_02,BLDG_03,ASSET_011,Chiller,26.522,,1.666,112.444,0,1,1,0,0,2,Watch,Multivariate abnormal behavior
2026-02-24 10:15:00,SITE_02,BLDG_03,ASSET_011,Chiller,,0.551,1.79,94.447,1,1,1,0,0,3,Anomaly,Excessive vibration
2026-02-24 10:30:00,SITE_02,BLDG_03,ASSET_011,Chiller,27.196,0.619,1.555,103.72,1,1,1,0,0,3,Anomaly,Excessive vibration
2026-02-24 10:45:00,SITE_02,BLDG_03,ASSET_011,Chiller,27.126,0.491,1.603,109.417,1,1,0,1,0,3,Anomaly,Excessive vibration
2026-02-24 11:00:00,SITE_02,BLDG_03,ASSET_011,Chiller,27.063,0.646,1.61,115.869,1,1,1,1,0,4,Critical,Excessive vibration
2026-02-24 11:15:00,SITE_02,BLDG_03,ASSET_011,Chiller,27.305,0.7,1.642,99.259,1,1,1,0,0,3,Anomaly,Excessive vibration
2026-02-24 11:30:00,SITE_02,BLDG_03,ASSET_011,Chiller,27.635,0.65,1.806,111.95,1,1,1,0,0,3,Anomaly,Excessive vibration
2026-02-24 11:45:00,SITE_02,BLDG_03,ASSET_011,Chiller,26.208,0.827,1.554,107.732,1,1,1,0,0,3,Anomaly,Excessive vibration
2026-02-24 16:30:00,SITE_02,BLDG_03,ASSET_011,Chiller,23.978,0.127,1.743,80.213,1,0,1,0,0,2,Watch,Abnormal pressure
2026-02-28 16:00:00,SITE_02,BLDG_03,ASSET_011,Chiller,24.468,0.137,1.737,55.221,1,0,1,0,0,2,Watch,Abnormal pressure
2026-03-01 09:45:00,SITE_02,BLDG_03,ASSET_011,Chiller,25.192,0.069,1.533,53.999,1,0,1,0,0,2,Watch,Excessive vibration
2026-03-01 10:00:00,SITE_02,BLDG_03,ASSET_011,Chiller,23.951,0.13,1.761,48.631,1,0,1,0,0,2,Watch,Abnormal pressure
2026-03-03 08:30:00,SITE_02,BLDG_03,ASSET_011,Chiller,23.904,0.246,1.446,84.214,1,1,0,0,0,2,Watch,Excessive vibration
2026-03-07 13:30:00,SITE_02,BLDG_03,ASSET_011,Chiller,23.798,0.134,1.764,54.462,1,0,1,0,0,2,Watch,Abnormal pressure
2026-03-08 16:00:00,SITE_02,BLDG_03,ASSET_011,Chiller,23.157,0.833,1.637,46.164,1,1,1,0,0,3,Anomaly,Excessive vibration
2026-03-11 23:30:00,SITE_02,BLDG_03,ASSET_011,Chiller,19.139,0.712,1.511,14.844,1,0,1,0,0,2,Watch,Excessive vibration
2026-03-18 03:45:00,SITE_02,BLDG_03,ASSET_011,Chiller,19.752,0.518,1.437,10.63,1,0,1,1,0,3,Anomaly,Excessive vibration
2026-03-18 07:15:00,SITE_02,BLDG_03,ASSET_011,Chiller,22.404,0.105,1.718,36.466,1,0,1,0,0,2,Watch,Abnormal pressure
2026-03-19 08:00:00,SITE_02,BLDG_03,ASSET_011,Chiller,23.156,0.151,1.725,86.297,1,1,0,0,0,2,Watch,Abnormal pressure
2026-03-24 08:15:00,SITE_02,BLDG_03,ASSET_011,Chiller,23.663,0.133,1.762,102.257,1,1,1,0,0,3,Anomaly,Abnormal pressure
2026-03-24 12:45:00,SITE_02,BLDG_03,ASSET_011,Chiller,25.098,0.115,1.718,84.074,1,0,1,0,0,2,Watch,Abnormal pressure
2026-03-28 09:30:00,SITE_02,BLDG_03,ASSET_011,Chiller,24.402,,1.72,50.004,1,0,1,0,0,2,Watch,Abnormal pressure
2026-03-28 23:15:00,SITE_02,BLDG_03,ASSET_011,Chiller,20.543,0.591,1.377,10.007,1,0,1,1,0,3,Anomaly,Excessive vibration
2026-03-30 08:45:00,SITE_02,BLDG_03,ASSET_011,Chiller,24.483,0.101,1.537,95.278,0,1,1,0,0,2,Watch,Multivariate abnormal behavior
2026-03-31 09:15:00,SITE_02,BLDG_03,ASSET_011,Chiller,24.451,0.061,1.404,85.15,1,0,1,0,0,2,Watch,Excessive vibration
2026-03-31 12:00:00,SITE_02,BLDG_03,ASSET_011,Chiller,25.49,0.117,1.568,112.141,0,1,1,0,0,2,Watch,Multivariate abnormal behavior
2026-01-12 21:30:00,SITE_02,BLDG_03,ASSET_012,AHU,18.695,0.107,0.623,12.189,1,0,1,0,0,2,Watch,Abnormal pressure
2026-01-19 14:45:00,SITE_02,BLDG_03,ASSET_012,AHU,23.749,0.09,0.915,50.587,1,0,1,0,0,2,Watch,Sudden power deviation
2026-01-31 22:30:00,SITE_02,BLDG_03,ASSET_012,AHU,19.01,0.066,0.698,8.088,1,0,1,0,0,2,Watch,Abnormal pressure
2026-02-20 14:45:00,SITE_02,BLDG_03,ASSET_012,AHU,24.313,0.277,0.987,23.651,1,0,0,0,1,2,Watch,Excessive vibration
2026-02-20 15:00:00,SITE_02,BLDG_03,ASSET_012,AHU,23.425,0.24,1.068,27.125,1,0,0,0,1,2,Watch,Excessive vibration
2026-02-20 15:15:00,SITE_02,BLDG_03,ASSET_012,AHU,23.742,0.221,1.019,24.757,1,0,0,0,1,2,Watch,Excessive vibration
2026-02-20 15:30:00,SITE_02,BLDG_03,ASSET_012,AHU,24.065,0.175,1.017,28.676,1,0,0,0,1,2,Watch,Excessive vibration
2026-02-20 15:45:00,SITE_02,BLDG_03,ASSET_012,AHU,23.177,0.211,0.964,29.694,1,0,0,0,1,2,Watch,Excessive vibration
2026-02-20 18:45:00,SITE_02,BLDG_03,ASSET_012,AHU,21.731,0.249,1.119,34.48,1,0,1,0,0,2,Watch,Excessive vibration
2026-02-20 21:15:00,SITE_02,BLDG_03,ASSET_012,AHU,19.297,0.373,0.889,21.163,1,0,1,0,0,2,Watch,Excessive vibration
2026-02-20 22:30:00,SITE_02,BLDG_03,ASSET_012,AHU,19.494,0.549,0.931,15.521,1,0,1,0,0,2,Watch,Excessive vibration
2026-02-25 09:15:00,SITE_02,BLDG_03,ASSET_012,AHU,22.787,0.409,0.968,25.618,1,0,1,0,0,2,Watch,Excessive vibration
2026-02-25 14:00:00,SITE_02,BLDG_03,ASSET_012,AHU,24.343,0.482,1.054,20.884,1,0,1,0,0,2,Watch,Excessive vibration
2026-02-27 17:30:00,SITE_02,BLDG_03,ASSET_012,AHU,21.616,0.483,0.915,24.249,1,0,1,1,0,3,Anomaly,Excessive vibration
2026-03-06 01:30:00,SITE_02,BLDG_03,ASSET_012,AHU,17.781,0.2,0.955,13.148,1,0,1,0,1,3,Anomaly,Excessive vibration
2026-03-06 01:45:00,SITE_02,BLDG_03,ASSET_012,AHU,18.324,0.161,1.014,8.163,1,0,0,0,1,2,Watch,Excessive vibration
2026-03-06 02:00:00,SITE_02,BLDG_03,ASSET_012,AHU,19.055,0.176,0.985,10.492,1,0,0,0,1,2,Watch,Excessive vibration
2026-03-06 08:15:00,SITE_02,BLDG_03,ASSET_012,AHU,23.869,0.408,0.931,34.761,1,0,1,0,0,2,Watch,Excessive vibration
2026-03-06 08:30:00,SITE_02,BLDG_03,ASSET_012,AHU,23.693,0.491,1.065,24.663,1,1,1,0,0,3,Anomaly,Excessive vibration
2026-03-06 08:45:00,SITE_02,BLDG_03,ASSET_012,AHU,23.382,0.44,1.046,28.976,1,1,1,0,0,3,Anomaly,Excessive vibration
2026-03-06 09:00:00,SITE_02,BLDG_03,ASSET_012,AHU,24.458,0.508,1.018,28.535,1,0,1,0,0,2,Watch,Excessive vibration
2026-03-06 09:30:00,SITE_02,BLDG_03,ASSET_012,AHU,24.648,0.396,1.089,26.572,1,0,1,0,0,2,Watch,Excessive vibration
2026-03-06 10:00:00,SITE_02,BLDG_03,ASSET_012,AHU,25.153,0.327,0.933,32.95,1,1,1,0,0,3,Anomaly,Excessive vibration
2026-03-06 10:15:00,SITE_02,BLDG_03,ASSET_012,AHU,25.025,0.413,1.109,32.088,1,0,1,0,0,2,Watch,Excessive vibration
2026-03-18 08:45:00,SITE_02,BLDG_03,ASSET_012,AHU,22.699,0.414,1.17,32.737,1,0,1,0,0,2,Watch,Excessive vibration
2026-03-24 00:30:00,SITE_02,BLDG_03,ASSET_012,AHU,17.195,0.082,0.708,11.832,1,0,1,0,0,2,Watch,Abnormal pressure
2026-01-16 21:15:00,SITE_02,BLDG_03,ASSET_013,AHU,21.852,0.305,1.029,15.875,1,0,0,0,1,2,Watch,Excessive vibration
2026-01-16 21:30:00,SITE_02,BLDG_03,ASSET_013,AHU,22.603,0.36,1.06,13.948,1,0,0,0,1,2,Watch,Excessive vibration
2026-01-16 21:45:00,SITE_02,BLDG_03,ASSET_013,AHU,22.228,0.267,1.031,17.094,1,0,0,0,1,2,Watch,Excessive vibration
2026-01-16 22:45:00,SITE_02,BLDG_03,ASSET_013,AHU,22.83,0.423,1.154,18.964,1,0,1,0,0,2,Watch,Excessive vibration
2026-01-16 23:45:00,SITE_02,BLDG_03,ASSET_013,AHU,21.487,0.472,1.214,16.457,1,0,1,0,0,2,Watch,Excessive vibration
2026-01-17 00:45:00,SITE_02,BLDG_03,ASSET_013,AHU,21.535,0.472,1.025,18.021,1,0,1,0,0,2,Watch,Excessive vibration
2026-01-17 01:15:00,SITE_02,BLDG_03,ASSET_013,AHU,21.241,0.514,0.894,11.557,1,0,1,1,0,3,Anomaly,Excessive vibration
2026-01-17 02:00:00,SITE_02,BLDG_03,ASSET_013,AHU,22.303,0.465,0.938,12.401,1,0,1,0,0,2,Watch,Excessive vibration
2026-01-20 20:45:00,SITE_02,BLDG_03,ASSET_013,AHU,22.026,0.578,0.977,12.686,1,0,1,0,0,2,Watch,Excessive vibration
2026-01-24 09:00:00,SITE_02,BLDG_03,ASSET_013,AHU,26.923,0.051,0.642,17.579,1,0,1,0,0,2,Watch,Abnormal pressure
2026-01-25 05:00:00,SITE_02,BLDG_03,ASSET_013,AHU,23.447,0.176,0.946,16.982,1,0,0,0,1,2,Watch,Excessive vibration
2026-01-25 05:15:00,SITE_02,BLDG_03,ASSET_013,AHU,24.175,0.236,0.935,11.044,1,0,0,0,1,2,Watch,Excessive vibration
2026-01-25 09:15:00,SITE_02,BLDG_03,ASSET_013,AHU,27.902,0.364,1.219,14.242,1,0,1,0,0,2,Watch,Excessive vibration
2026-01-25 09:45:00,SITE_02,BLDG_03,ASSET_013,AHU,25.903,0.463,0.891,18.01,1,0,1,0,0,2,Watch,Excessive vibration
2026-01-25 10:00:00,SITE_02,BLDG_03,ASSET_013,AHU,28.63,0.405,1.135,20.935,1,1,1,0,0,3,Anomaly,Excessive vibration
2026-01-25 10:45:00,SITE_02,BLDG_03,ASSET_013,AHU,28.035,0.347,1.023,10.975,1,1,1,0,0,3,Anomaly,Excessive vibration
2026-01-25 11:00:00,SITE_02,BLDG_03,ASSET_013,AHU,28.679,0.564,1.017,16.12,1,1,1,0,0,3,Anomaly,Excessive vibration
2026-01-25 11:30:00,SITE_02,BLDG_03,ASSET_013,AHU,28.11,0.524,0.932,19.02,1,1,1,0,0,3,Anomaly,Excessive vibration
2026-02-10 10:15:00,SITE_02,BLDG_03,ASSET_013,AHU,26.533,0.189,1.008,27.07,1,0,0,0,1,2,Watch,Excessive vibration
2026-02-10 10:30:00,SITE_02,BLDG_03,ASSET_013,AHU,27.196,0.205,0.997,31.181,1,0,0,0,1,2,Watch,Excessive vibration
2026-02-10 10:45:00,SITE_02,BLDG_03,ASSET_013,AHU,27.757,0.264,1.133,18.975,1,0,0,0,1,2,Watch,Excessive vibration
2026-02-10 11:00:00,SITE_02,BLDG_03,ASSET_013,AHU,28.273,0.246,1.017,23.96,1,0,0,0,1,2,Watch,Excessive vibration
2026-02-10 11:15:00,SITE_02,BLDG_03,ASSET_013,AHU,27.273,0.182,1.025,30.045,1,0,0,0,1,2,Watch,Excessive vibration
2026-02-10 11:30:00,SITE_02,BLDG_03,ASSET_013,AHU,28.083,0.275,1.034,25.569,1,0,0,0,1,2,Watch,Excessive vibration
2026-02-10 11:45:00,SITE_02,BLDG_03,ASSET_013,AHU,26.714,0.313,1.047,29.02,1,0,1,0,1,3,Anomaly,Excessive vibration
2026-02-10 12:00:00,SITE_02,BLDG_03,ASSET_013,AHU,27.239,0.187,0.959,26.503,1,0,0,0,1,2,Watch,Excessive vibration
2026-02-10 12:30:00,SITE_02,BLDG_03,ASSET_013,AHU,27.519,0.347,1.199,25.413,1,0,1,0,0,2,Watch,Excessive vibration
2026-02-10 13:15:00,SITE_02,BLDG_03,ASSET_013,AHU,26.809,0.342,0.866,32.034,1,1,1,0,0,3,Anomaly,Excessive vibration
2026-02-10 14:00:00,SITE_02,BLDG_03,ASSET_013,AHU,27.178,0.348,1.007,31.254,1,0,1,0,0,2,Watch,Excessive vibration
2026-02-10 14:15:00,SITE_02,BLDG_03,ASSET_013,AHU,26.676,0.368,1.007,23.34,1,0,1,0,0,2,Watch,Excessive vibration
2026-02-10 14:30:00,SITE_02,BLDG_03,ASSET_013,AHU,26.873,0.332,1.043,28.842,1,0,1,0,0,2,Watch,Excessive vibration
2026-02-10 15:15:00,SITE_02,BLDG_03,ASSET_013,AHU,27.013,0.401,1.031,28.189,1,0,1,0,0,2,Watch,Excessive vibration
2026-02-10 15:30:00,SITE_02,BLDG_03,ASSET_013,AHU,27.421,0.377,1.162,27.444,1,0,1,0,0,2,Watch,Excessive vibration
2026-02-10 15:45:00,SITE_02,BLDG_03,ASSET_013,AHU,27.093,0.272,1.092,34.545,1,0,1,0,0,2,Watch,Excessive vibration
2026-02-10 16:00:00,SITE_02,BLDG_03,ASSET_013,AHU,25.82,0.41,1.049,28.904,1,0,1,0,0,2,Watch,Excessive vibration
2026-02-10 16:15:00,SITE_02,BLDG_03,ASSET_013,AHU,24.56,0.323,0.938,27.884,1,0,1,0,0,2,Watch,Excessive vibration
2026-02-10 16:45:00,SITE_02,BLDG_03,ASSET_013,AHU,25.574,0.364,0.915,31.296,1,1,1,0,0,3,Anomaly,Excessive vibration
2026-02-10 17:00:00,SITE_02,BLDG_03,ASSET_013,AHU,26.379,0.272,0.822,36.443,1,1,1,0,0,3,Anomaly,Excessive vibration
2026-02-10 17:15:00,SITE_02,BLDG_03,ASSET_013,AHU,25.28,0.442,0.851,29.541,1,1,1,0,0,3,Anomaly,Excessive vibration
2026-02-10 17:30:00,SITE_02,BLDG_03,ASSET_013,AHU,26.557,0.365,0.973,25.888,1,0,1,0,0,2,Watch,Excessive vibration
2026-02-10 17:45:00,SITE_02,BLDG_03,ASSET_013,AHU,25.274,0.454,0.912,29.409,1,0,1,0,0,2,Watch,Excessive vibration
2026-02-10 18:00:00,SITE_02,BLDG_03,ASSET_013,AHU,25.814,0.495,1.012,37.715,1,1,1,0,0,3,Anomaly,Excessive vibration
2026-02-10 18:15:00,SITE_02,BLDG_03,ASSET_013,AHU,24.217,0.466,0.875,27.402,1,0,1,0,0,2,Watch,Excessive vibration
2026-02-10 18:30:00,SITE_02,BLDG_03,ASSET_013,AHU,24.905,0.356,0.995,35.182,1,0,1,0,0,2,Watch,Excessive vibration
2026-02-11 07:15:00,SITE_02,BLDG_03,ASSET_013,AHU,25.023,0.345,1.077,12.251,1,0,1,0,0,2,Watch,Excessive vibration
2026-03-04 12:15:00,SITE_02,BLDG_03,ASSET_013,AHU,26.612,0.02,1.194,65.171,1,0,1,0,0,2,Watch,Excessive vibration
2026-03-14 13:00:00,SITE_02,BLDG_03,ASSET_013,AHU,27.142,0.064,0.727,10.528,1,0,1,0,0,2,Watch,Abnormal pressure
2026-03-17 23:00:00,SITE_02,BLDG_03,ASSET_013,AHU,20.307,0.502,1.189,14.424,1,0,1,0,0,2,Watch,Excessive vibration
2026-01-03 20:30:00,SITE_02,BLDG_03,ASSET_014,Pump,18.757,0.379,4.719,6.228,1,1,0,0,0,2,Watch,Excessive vibration
2026-01-07 18:15:00,SITE_02,BLDG_03,ASSET_014,Pump,20.402,0.123,4.656,12.768,1,1,0,0,0,2,Watch,Excessive vibration
2026-01-12 10:00:00,SITE_02,BLDG_03,ASSET_014,Pump,23.244,0.394,4.825,8.643,1,1,0,0,0,2,Watch,Excessive vibration
2026-01-13 15:45:00,SITE_02,BLDG_03,ASSET_014,Pump,23.015,0.884,4.663,12.601,1,1,1,0,0,3,Anomaly,Excessive vibration
2026-01-18 01:00:00,SITE_02,BLDG_03,ASSET_014,Pump,17.854,0.272,3.954,4.796,1,1,0,0,0,2,Watch,Abnormal pressure
2026-01-19 21:45:00,SITE_02,BLDG_03,ASSET_014,Pump,18.476,0.368,4.719,11.442,1,1,0,0,0,2,Watch,Excessive vibration
2026-01-19 22:15:00,SITE_02,BLDG_03,ASSET_014,Pump,18.273,1.2,4.306,3.068,1,1,1,0,0,3,Anomaly,Excessive vibration
2026-01-26 10:30:00,SITE_02,BLDG_03,ASSET_014,Pump,23.959,0.405,4.765,14.162,1,0,1,0,0,2,Watch,Excessive vibration
2026-01-28 03:30:00,SITE_02,BLDG_03,ASSET_014,Pump,19.265,0.209,3.88,0.907,1,0,1,0,0,2,Watch,Abnormal pressure
2026-01-31 02:45:00,SITE_02,BLDG_03,ASSET_014,Pump,18.462,0.924,4.63,0.555,1,1,1,0,0,3,Anomaly,Excessive vibration
2026-02-03 00:00:00,SITE_02,BLDG_03,ASSET_014,Pump,18.473,0.371,4.381,11.763,1,1,0,0,0,2,Watch,Excessive vibration
2026-02-04 02:45:00,SITE_02,BLDG_03,ASSET_014,Pump,18.276,1.287,4.441,3.116,1,1,1,0,0,3,Anomaly,Excessive vibration
2026-02-07 12:00:00,SITE_02,BLDG_03,ASSET_014,Pump,24.348,1.343,4.706,5.926,1,0,1,0,0,2,Watch,Excessive vibration
2026-02-10 04:30:00,SITE_02,BLDG_03,ASSET_014,Pump,18.882,0.367,4.606,6.078,1,1,0,0,0,2,Watch,Excessive vibration
2026-02-10 09:15:00,SITE_02,BLDG_03,ASSET_014,Pump,22.985,0.213,4.619,26.884,1,0,1,0,0,2,Watch,Sudden power deviation
2026-02-11 02:15:00,SITE_02,BLDG_03,ASSET_014,Pump,18.495,1.2,4.356,1.85,1,1,1,0,0,3,Anomaly,Excessive vibration
2026-02-11 17:15:00,SITE_02,BLDG_03,ASSET_014,Pump,22.941,0.425,4.784,12.312,1,1,1,0,0,3,Anomaly,Excessive vibration
2026-02-11 17:30:00,SITE_02,BLDG_03,ASSET_014,Pump,21.648,0.41,4.797,3.576,1,1,0,0,0,2,Watch,Excessive vibration
2026-02-11 17:45:00,SITE_02,BLDG_03,ASSET_014,Pump,22.161,0.418,4.408,13.976,1,0,1,0,0,2,Watch,Excessive vibration
2026-02-11 18:15:00,SITE_02,BLDG_03,ASSET_014,Pump,21.264,0.441,4.597,13.805,1,1,1,0,0,3,Anomaly,Excessive vibration
2026-02-11 18:30:00,SITE_02,BLDG_03,ASSET_014,Pump,20.386,0.517,4.498,9.808,1,1,1,0,0,3,Anomaly,Excessive vibration
2026-02-11 18:45:00,SITE_02,BLDG_03,ASSET_014,Pump,20.973,0.482,5.013,10.659,1,1,1,0,0,3,Anomaly,Excessive vibration
2026-02-11 19:15:00,SITE_02,BLDG_03,ASSET_014,Pump,20.435,0.489,4.748,4.306,1,0,1,0,0,2,Watch,Excessive vibration
2026-02-11 19:45:00,SITE_02,BLDG_03,ASSET_014,Pump,19.448,0.59,4.368,6.204,1,1,1,0,0,3,Anomaly,Excessive vibration
2026-02-11 20:00:00,SITE_02,BLDG_03,ASSET_014,Pump,20.288,0.6,4.722,5.774,1,0,1,0,0,2,Watch,Excessive vibration
2026-02-11 20:15:00,SITE_02,BLDG_03,ASSET_014,Pump,19.243,0.388,4.274,4.886,1,1,0,0,0,2,Watch,Excessive vibration
2026-02-11 20:30:00,SITE_02,BLDG_03,ASSET_014,Pump,20.287,0.588,4.644,5.046,1,1,1,0,0,3,Anomaly,Excessive vibration
2026-02-11 20:45:00,SITE_02,BLDG_03,ASSET_014,Pump,20.327,0.511,4.898,5.226,1,1,1,1,0,4,Critical,Excessive vibration
2026-02-11 21:00:00,SITE_02,BLDG_03,ASSET_014,Pump,19.496,0.435,4.23,1.483,1,1,0,0,0,2,Watch,Excessive vibration
2026-02-11 21:15:00,SITE_02,BLDG_03,ASSET_014,Pump,19.061,0.66,4.604,3.4,1,1,1,0,0,3,Anomaly,Excessive vibration
2026-02-11 21:30:00,SITE_02,BLDG_03,ASSET_014,Pump,18.081,0.653,4.587,3.796,1,1,1,0,0,3,Anomaly,Excessive vibration
2026-02-11 21:45:00,SITE_02,BLDG_03,ASSET_014,Pump,19.995,0.615,4.52,1.231,1,1,1,0,0,3,Anomaly,Excessive vibration
2026-02-11 22:00:00,SITE_02,BLDG_03,ASSET_014,Pump,18.819,0.584,5.002,3.906,1,1,1,1,0,4,Critical,Excessive vibration
2026-02-11 22:15:00,SITE_02,BLDG_03,ASSET_014,Pump,18.26,0.582,4.826,4.461,1,1,1,0,0,3,Anomaly,Excessive vibration
2026-02-11 22:30:00,SITE_02,BLDG_03,ASSET_014,Pump,18.232,0.601,4.473,0.528,1,0,1,0,0,2,Watch,Excessive vibration
2026-02-11 22:45:00,SITE_02,BLDG_03,ASSET_014,Pump,18.986,0.6,4.644,3.234,1,1,1,0,0,3,Anomaly,Excessive vibration
2026-02-11 23:00:00,SITE_02,BLDG_03,ASSET_014,Pump,18.29,0.671,5.028,4.607,1,1,1,0,0,3,Anomaly,Excessive vibration
2026-02-11 23:15:00,SITE_02,BLDG_03,ASSET_014,Pump,18.049,0.804,4.561,2.993,1,1,1,0,0,3,Anomaly,Excessive vibration
2026-02-11 23:30:00,SITE_02,BLDG_03,ASSET_014,Pump,18.361,0.598,4.705,10.386,1,1,1,0,0,3,Anomaly,Excessive vibration
2026-02-11 23:45:00,SITE_02,BLDG_03,ASSET_014,Pump,17.086,0.677,4.769,5.814,1,1,1,0,0,3,Anomaly,Excessive vibration
2026-02-12 00:00:00,SITE_02,BLDG_03,ASSET_014,Pump,18.468,0.636,4.593,2.902,1,1,1,0,0,3,Anomaly,Excessive vibration
2026-02-12 00:15:00,SITE_02,BLDG_03,ASSET_014,Pump,17.98,0.662,5.083,3.025,1,1,1,1,0,4,Critical,Excessive vibration
2026-02-12 00:30:00,SITE_02,BLDG_03,ASSET_014,Pump,18.275,0.854,4.462,5.98,1,1,1,0,0,3,Anomaly,Excessive vibration
2026-02-12 00:45:00,SITE_02,BLDG_03,ASSET_014,Pump,17.881,0.771,4.575,3.202,1,1,1,0,0,3,Anomaly,Excessive vibration
2026-02-12 01:00:00,SITE_02,BLDG_03,ASSET_014,Pump,17.831,0.78,4.618,6.994,1,1,1,0,0,3,Anomaly,Excessive vibration
2026-02-12 01:15:00,SITE_02,BLDG_03,ASSET_014,Pump,18.259,0.684,4.499,5.032,1,1,1,0,0,3,Anomaly,Excessive vibration
2026-02-12 01:30:00,SITE_02,BLDG_03,ASSET_014,Pump,17.417,0.832,4.978,6.687,1,1,1,0,0,3,Anomaly,Excessive vibration
2026-02-12 01:45:00,SITE_02,BLDG_03,ASSET_014,Pump,18.38,0.8,5.121,1.831,1,1,1,0,0,3,Anomaly,Excessive vibration
2026-02-12 02:00:00,SITE_02,BLDG_03,ASSET_014,Pump,18.599,0.849,4.569,3.198,1,1,1,0,0,3,Anomaly,Excessive vibration
2026-02-12 02:15:00,SITE_02,BLDG_03,ASSET_014,Pump,18.564,0.754,5.178,2.362,1,1,1,0,0,3,Anomaly,Excessive vibration
2026-02-12 02:30:00,SITE_02,BLDG_03,ASSET_014,Pump,18.71,0.911,4.793,3.094,1,1,1,0,0,3,Anomaly,Excessive vibration
2026-02-12 02:45:00,SITE_02,BLDG_03,ASSET_014,Pump,18.765,1.007,4.872,9.646,1,1,1,1,0,4,Critical,Excessive vibration
2026-02-12 03:00:00,SITE_02,BLDG_03,ASSET_014,Pump,18.384,0.941,5.131,12.71,1,1,1,0,0,3,Anomaly,Excessive vibration
2026-02-12 03:15:00,SITE_02,BLDG_03,ASSET_014,Pump,19.559,0.743,5.113,3.391,1,1,1,0,0,3,Anomaly,Excessive vibration
2026-02-12 03:30:00,SITE_02,BLDG_03,ASSET_014,Pump,18.696,0.867,4.461,6.474,1,1,1,0,0,3,Anomaly,Excessive vibration
2026-02-14 13:30:00,SITE_02,BLDG_03,ASSET_014,Pump,24.573,0.329,4.574,27.352,1,0,1,0,0,2,Watch,Sudden power deviation
2026-02-19 06:45:00,SITE_02,BLDG_03,ASSET_014,Pump,20.774,0.401,4.942,2.733,1,1,0,0,0,2,Watch,Excessive vibration
2026-02-19 07:15:00,SITE_02,BLDG_03,ASSET_014,Pump,21.904,0.521,4.496,0.266,1,0,1,0,0,2,Watch,Excessive vibration
2026-02-19 07:45:00,SITE_02,BLDG_03,ASSET_014,Pump,21.406,0.412,4.64,11.017,1,0,1,0,1,3,Anomaly,Excessive vibration
2026-02-19 08:00:00,SITE_02,BLDG_03,ASSET_014,Pump,22.599,0.536,4.62,15.714,1,1,1,0,1,4,Critical,Excessive vibration
2026-02-19 08:15:00,SITE_02,BLDG_03,ASSET_014,Pump,22.698,0.424,4.583,13.282,1,1,1,0,1,4,Critical,Excessive vibration
2026-02-19 08:30:00,SITE_02,BLDG_03,ASSET_014,Pump,22.398,0.562,4.357,11.845,1,1,1,1,0,4,Critical,Excessive vibration
2026-02-19 08:45:00,SITE_02,BLDG_03,ASSET_014,Pump,22.446,0.551,4.517,12.361,1,1,1,0,0,3,Anomaly,Excessive vibration
2026-02-19 09:00:00,SITE_02,BLDG_03,ASSET_014,Pump,24.022,0.608,4.468,13.229,1,1,1,1,0,4,Critical,Excessive vibration
2026-02-19 09:15:00,SITE_02,BLDG_03,ASSET_014,Pump,22.977,0.527,5.084,9.688,1,1,1,0,0,3,Anomaly,Excessive vibration
2026-02-19 09:30:00,SITE_02,BLDG_03,ASSET_014,Pump,22.365,0.549,4.394,3.046,1,0,1,0,1,3,Anomaly,Excessive vibration
2026-02-19 09:45:00,SITE_02,BLDG_03,ASSET_014,Pump,23.374,0.656,4.73,11.292,1,1,1,0,0,3,Anomaly,Excessive vibration
2026-02-19 10:00:00,SITE_02,BLDG_03,ASSET_014,Pump,23.464,0.61,4.587,11.737,1,0,1,0,0,2,Watch,Excessive vibration
2026-02-19 10:15:00,SITE_02,BLDG_03,ASSET_014,Pump,23.783,0.662,4.74,10.018,1,1,1,0,0,3,Anomaly,Excessive vibration
2026-02-19 10:30:00,SITE_02,BLDG_03,ASSET_014,Pump,24.322,0.649,4.972,14.88,1,1,1,0,0,3,Anomaly,Excessive vibration
2026-02-19 10:45:00,SITE_02,BLDG_03,ASSET_014,Pump,22.94,0.57,4.857,13.334,1,1,1,1,0,4,Critical,Excessive vibration
2026-02-19 11:00:00,SITE_02,BLDG_03,ASSET_014,Pump,24.337,0.654,4.809,11.377,1,1,1,0,0,3,Anomaly,Excessive vibration
2026-02-19 11:15:00,SITE_02,BLDG_03,ASSET_014,Pump,23.083,0.721,4.297,11.182,1,1,1,0,0,3,Anomaly,Excessive vibration
2026-02-19 11:30:00,SITE_02,BLDG_03,ASSET_014,Pump,22.798,0.672,4.927,14.745,1,1,1,0,0,3,Anomaly,Excessive vibration
2026-02-19 11:45:00,SITE_02,BLDG_03,ASSET_014,Pump,,0.611,4.979,10.549,1,1,1,0,0,3,Anomaly,Excessive vibration
2026-02-19 12:00:00,SITE_02,BLDG_03,ASSET_014,Pump,23.962,0.643,4.172,15.556,1,1,1,0,0,3,Anomaly,Excessive vibration
2026-02-19 12:15:00,SITE_02,BLDG_03,ASSET_014,Pump,24.621,0.758,4.711,12.843,1,1,1,0,0,3,Anomaly,Excessive vibration
2026-02-19 12:30:00,SITE_02,BLDG_03,ASSET_014,Pump,23.985,0.654,4.848,9.333,1,1,1,0,0,3,Anomaly,Excessive vibration
2026-02-19 12:45:00,SITE_02,BLDG_03,ASSET_014,Pump,24.946,0.839,4.6,9.169,1,1,1,0,0,3,Anomaly,Excessive vibration
2026-02-19 13:00:00,SITE_02,BLDG_03,ASSET_014,Pump,23.72,0.844,5.103,14.299,1,1,1,0,0,3,Anomaly,Excessive vibration
2026-02-19 13:15:00,SITE_02,BLDG_03,ASSET_014,Pump,24.028,0.777,5.21,16.205,1,1,1,0,0,3,Anomaly,Excessive vibration
2026-02-19 13:30:00,SITE_02,BLDG_03,ASSET_014,Pump,23.984,1.005,5.046,8.757,1,1,1,1,0,4,Critical,Excessive vibration
2026-02-19 13:45:00,SITE_02,BLDG_03,ASSET_014,Pump,23.521,0.919,4.859,11.957,1,1,1,0,0,3,Anomaly,Excessive vibration
2026-02-19 14:00:00,SITE_02,BLDG_03,ASSET_014,Pump,24.61,0.685,4.72,12.368,1,1,1,1,0,4,Critical,Excessive vibration
2026-02-19 14:15:00,SITE_02,BLDG_03,ASSET_014,Pump,24.051,0.841,4.91,13.673,1,1,1,0,0,3,Anomaly,Excessive vibration
2026-02-19 14:30:00,SITE_02,BLDG_03,ASSET_014,Pump,23.417,0.892,4.815,14.363,1,1,1,0,0,3,Anomaly,Excessive vibration
2026-02-19 14:45:00,SITE_02,BLDG_03,ASSET_014,Pump,24.535,0.764,5.0,16.192,1,1,1,0,0,3,Anomaly,Excessive vibration
2026-02-19 15:00:00,SITE_02,BLDG_03,ASSET_014,Pump,23.249,0.708,4.889,10.922,1,1,1,1,0,4,Critical,Excessive vibration
2026-02-19 15:15:00,SITE_02,BLDG_03,ASSET_014,Pump,23.458,1.024,5.129,16.995,1,1,1,0,0,3,Anomaly,Excessive vibration
2026-02-19 15:30:00,SITE_02,BLDG_03,ASSET_014,Pump,22.795,1.013,4.487,15.003,1,1,1,0,0,3,Anomaly,Excessive vibration
2026-02-19 15:45:00,SITE_02,BLDG_03,ASSET_014,Pump,23.297,0.929,4.754,12.854,1,1,1,0,0,3,Anomaly,Excessive vibration
2026-02-19 16:00:00,SITE_02,BLDG_03,ASSET_014,Pump,22.85,0.943,5.234,4.522,1,1,1,0,0,3,Anomaly,Excessive vibration
2026-02-20 12:30:00,SITE_02,BLDG_03,ASSET_014,Pump,24.172,0.341,4.612,16.151,0,1,1,0,0,2,Watch,Multivariate abnormal behavior
2026-02-23 12:15:00,SITE_02,BLDG_03,ASSET_014,Pump,24.252,0.238,4.414,30.815,1,0,1,0,0,2,Watch,Sudden power deviation
2026-02-26 02:00:00,SITE_02,BLDG_03,ASSET_014,Pump,18.47,0.666,4.694,8.201,1,1,1,0,0,3,Anomaly,Excessive vibration
2026-03-02 01:00:00,SITE_02,BLDG_03,ASSET_014,Pump,19.266,0.407,4.494,4.91,1,0,1,0,0,2,Watch,Excessive vibration
2026-03-07 21:15:00,SITE_02,BLDG_03,ASSET_014,Pump,18.614,0.16,3.929,4.009,1,0,1,0,0,2,Watch,Abnormal pressure
2026-03-11 08:30:00,SITE_02,BLDG_03,ASSET_014,Pump,22.872,0.239,4.603,45.509,1,1,1,0,0,3,Anomaly,Sudden power deviation
2026-03-11 09:00:00,SITE_02,BLDG_03,ASSET_014,Pump,23.539,0.397,4.656,12.147,1,0,1,0,0,2,Watch,Excessive vibration
2026-03-13 11:00:00,SITE_02,BLDG_03,ASSET_014,Pump,24.405,0.129,4.278,11.456,1,1,0,0,0,2,Watch,Excessive vibration
2026-03-14 16:15:00,SITE_02,BLDG_03,ASSET_014,Pump,23.059,0.241,4.465,22.778,1,0,1,0,0,2,Watch,Sudden power deviation
2026-03-16 18:15:00,SITE_02,BLDG_03,ASSET_014,Pump,20.693,0.388,4.845,15.834,1,1,1,0,0,3,Anomaly,Excessive vibration
2026-03-18 14:15:00,SITE_02,BLDG_03,ASSET_014,Pump,24.868,0.226,4.639,29.078,1,0,1,0,0,2,Watch,Sudden power deviation
2026-03-19 09:00:00,SITE_02,BLDG_03,ASSET_014,Pump,23.596,0.381,4.67,11.887,1,0,1,0,0,2,Watch,Excessive vibration
2026-03-19 14:30:00,SITE_02,BLDG_03,ASSET_014,Pump,23.481,0.338,4.765,15.509,0,1,1,0,0,2,Watch,Multivariate abnormal behavior
2026-03-20 09:00:00,SITE_02,BLDG_03,ASSET_014,Pump,23.428,0.297,5.121,14.203,1,1,0,0,0,2,Watch,Abnormal pressure
2026-03-24 11:00:00,SITE_02,BLDG_03,ASSET_014,Pump,24.285,0.336,3.876,11.481,1,1,0,0,0,2,Watch,Abnormal pressure
2026-03-24 16:00:00,SITE_02,BLDG_03,ASSET_014,Pump,23.182,0.279,5.111,13.061,1,1,0,0,0,2,Watch,Abnormal pressure
2026-03-24 22:45:00,SITE_02,BLDG_03,ASSET_014,Pump,18.862,0.186,3.97,0.25,1,0,1,0,0,2,Watch,Abnormal pressure
2026-03-26 01:15:00,SITE_02,BLDG_03,ASSET_014,Pump,17.616,0.189,3.923,1.547,1,0,1,0,0,2,Watch,Abnormal pressure
2026-03-27 17:45:00,SITE_02,BLDG_03,ASSET_014,Pump,21.258,0.767,4.713,7.828,1,1,1,0,0,3,Anomaly,Excessive vibration
2026-03-27 23:45:00,SITE_02,BLDG_03,ASSET_014,Pump,17.353,0.264,3.921,2.882,1,1,0,0,0,2,Watch,Abnormal pressure
2026-03-29 22:30:00,SITE_02,BLDG_03,ASSET_014,Pump,19.035,,3.965,6.294,1,0,1,0,0,2,Watch,Abnormal pressure
2026-03-31 03:00:00,SITE_02,BLDG_03,ASSET_014,Pump,20.052,0.318,4.796,28.873,1,1,1,0,0,3,Anomaly,Sudden power deviation
2026-01-01 08:30:00,SITE_02,BLDG_03,ASSET_015,Energy Meter,24.827,0.063,1.23,101.548,0,1,1,0,0,2,Watch,Multivariate abnormal behavior
2026-01-02 12:15:00,SITE_02,BLDG_03,ASSET_015,Energy Meter,25.871,0.078,1.287,105.633,1,0,1,0,0,2,Watch,Abnormal pressure
2026-01-03 01:45:00,SITE_02,BLDG_03,ASSET_015,Energy Meter,19.763,0.385,0.961,33.46,1,0,1,0,0,2,Watch,Excessive vibration
2026-01-05 09:00:00,SITE_02,BLDG_03,ASSET_015,Energy Meter,24.646,0.062,1.277,105.328,1,0,1,0,0,2,Watch,Abnormal pressure
2026-01-05 14:45:00,SITE_02,BLDG_03,ASSET_015,Energy Meter,25.771,0.316,1.1,110.932,1,1,1,0,0,3,Anomaly,Excessive vibration
2026-01-07 08:00:00,SITE_02,BLDG_03,ASSET_015,Energy Meter,23.941,0.083,0.865,209.902,1,0,1,0,0,2,Watch,Sudden power deviation
2026-01-07 18:45:00,SITE_02,BLDG_03,ASSET_015,Energy Meter,22.79,0.145,1.069,45.484,1,0,1,0,0,2,Watch,Excessive vibration
2026-01-12 08:15:00,SITE_02,BLDG_03,ASSET_015,Energy Meter,24.114,0.139,1.015,104.791,1,1,0,0,0,2,Watch,Excessive vibration
2026-01-12 14:00:00,SITE_02,BLDG_03,ASSET_015,Energy Meter,27.014,0.078,1.081,131.058,0,1,1,0,0,2,Watch,Multivariate abnormal behavior
2026-01-13 10:00:00,SITE_02,BLDG_03,ASSET_015,Energy Meter,25.069,0.082,1.094,207.895,1,0,1,0,0,2,Watch,Sudden power deviation
2026-01-14 14:15:00,SITE_02,BLDG_03,ASSET_015,Energy Meter,26.723,0.078,1.087,334.276,1,1,1,0,0,3,Anomaly,Sudden power deviation
2026-01-15 16:00:00,SITE_02,BLDG_03,ASSET_015,Energy Meter,24.364,0.043,1.026,175.941,0,1,1,0,0,2,Watch,Multivariate abnormal behavior
2026-01-15 18:30:00,SITE_02,BLDG_03,ASSET_015,Energy Meter,23.11,0.083,0.849,295.366,1,1,1,0,0,3,Anomaly,Sudden power deviation
2026-01-16 12:15:00,SITE_02,BLDG_03,ASSET_015,Energy Meter,25.421,0.015,1.107,109.655,1,0,1,0,0,2,Watch,Excessive vibration
2026-01-19 14:30:00,SITE_02,BLDG_03,ASSET_015,Energy Meter,26.398,0.055,1.061,128.561,0,1,1,0,0,2,Watch,Multivariate abnormal behavior
2026-01-19 15:00:00,SITE_02,BLDG_03,ASSET_015,Energy Meter,25.303,0.058,0.679,109.192,1,1,0,0,0,2,Watch,Abnormal pressure
2026-01-19 18:00:00,SITE_02,BLDG_03,ASSET_015,Energy Meter,22.499,0.069,1.243,111.531,0,1,1,0,0,2,Watch,Multivariate abnormal behavior
2026-01-20 11:15:00,SITE_02,BLDG_03,ASSET_015,Energy Meter,25.83,0.002,1.021,96.831,1,0,1,0,0,2,Watch,Excessive vibration
2026-01-20 13:45:00,SITE_02,BLDG_03,ASSET_015,Energy Meter,26.273,0.044,1.196,107.425,0,1,1,0,0,2,Watch,Multivariate abnormal behavior
2026-01-21 08:00:00,SITE_02,BLDG_03,ASSET_015,Energy Meter,23.574,0.064,1.284,88.147,1,0,1,0,0,2,Watch,Abnormal pressure
2026-01-21 11:15:00,SITE_02,BLDG_03,ASSET_015,Energy Meter,25.277,0.095,1.344,110.665,1,0,1,0,0,2,Watch,Abnormal pressure
2026-01-21 13:30:00,SITE_02,BLDG_03,ASSET_015,Energy Meter,25.961,0.136,1.175,111.52,1,1,0,0,0,2,Watch,Excessive vibration
2026-01-22 11:45:00,SITE_02,BLDG_03,ASSET_015,Energy Meter,25.642,0.411,0.869,111.931,1,1,1,1,0,4,Critical,Excessive vibration
2026-01-22 12:45:00,SITE_02,BLDG_03,ASSET_015,Energy Meter,25.036,0.056,1.121,117.947,0,1,1,0,0,2,Watch,Multivariate abnormal behavior
2026-01-24 09:30:00,SITE_02,BLDG_03,ASSET_015,Energy Meter,25.356,0.329,1.07,73.892,1,1,0,0,0,2,Watch,Excessive vibration
2026-01-25 05:30:00,SITE_02,BLDG_03,ASSET_015,Energy Meter,22.573,0.116,0.693,59.662,1,0,1,0,0,2,Watch,Abnormal pressure
2026-01-25 09:15:00,SITE_02,BLDG_03,ASSET_015,Energy Meter,25.795,0.013,1.217,78.749,1,0,1,0,0,2,Watch,Excessive vibration
2026-01-28 12:45:00,SITE_02,BLDG_03,ASSET_015,Energy Meter,25.936,0.23,1.084,119.176,1,1,1,0,0,3,Anomaly,Excessive vibration
2026-01-28 13:00:00,SITE_02,BLDG_03,ASSET_015,Energy Meter,26.054,0.173,0.966,134.51,1,1,0,0,0,2,Watch,Excessive vibration
2026-01-28 13:30:00,SITE_02,BLDG_03,ASSET_015,Energy Meter,26.499,0.179,0.99,130.556,1,1,0,0,0,2,Watch,Excessive vibration
2026-01-28 13:45:00,SITE_02,BLDG_03,ASSET_015,Energy Meter,24.922,0.25,0.93,115.941,1,1,1,0,0,3,Anomaly,Excessive vibration
2026-01-28 14:15:00,SITE_02,BLDG_03,ASSET_015,Energy Meter,26.374,0.188,0.89,124.418,1,1,1,0,0,3,Anomaly,Excessive vibration
2026-01-28 14:45:00,SITE_02,BLDG_03,ASSET_015,Energy Meter,25.238,0.281,1.048,133.905,1,1,1,0,0,3,Anomaly,Excessive vibration
2026-01-28 15:15:00,SITE_02,BLDG_03,ASSET_015,Energy Meter,25.502,0.181,0.928,99.646,1,1,0,0,0,2,Watch,Excessive vibration
2026-01-28 15:30:00,SITE_02,BLDG_03,ASSET_015,Energy Meter,25.069,0.206,1.146,103.985,1,1,0,0,0,2,Watch,Excessive vibration
2026-01-28 15:45:00,SITE_02,BLDG_03,ASSET_015,Energy Meter,25.061,0.293,0.823,108.742,1,1,1,0,0,3,Anomaly,Excessive vibration
2026-01-28 16:00:00,SITE_02,BLDG_03,ASSET_015,Energy Meter,24.133,0.268,1.089,104.463,1,1,1,0,0,3,Anomaly,Excessive vibration
2026-01-28 16:15:00,SITE_02,BLDG_03,ASSET_015,Energy Meter,24.629,0.345,1.019,128.632,1,1,1,0,0,3,Anomaly,Excessive vibration
2026-01-28 16:30:00,SITE_02,BLDG_03,ASSET_015,Energy Meter,25.103,0.235,1.023,112.757,1,1,1,0,0,3,Anomaly,Excessive vibration
2026-01-28 16:45:00,SITE_02,BLDG_03,ASSET_015,Energy Meter,24.784,0.248,0.919,125.506,1,1,1,0,0,3,Anomaly,Excessive vibration
2026-01-28 17:00:00,SITE_02,BLDG_03,ASSET_015,Energy Meter,25.015,0.224,1.088,109.071,1,1,0,0,0,2,Watch,Excessive vibration
2026-01-28 17:15:00,SITE_02,BLDG_03,ASSET_015,Energy Meter,23.129,0.413,0.961,119.042,1,1,1,0,0,3,Anomaly,Excessive vibration
2026-01-28 17:30:00,SITE_02,BLDG_03,ASSET_015,Energy Meter,23.928,0.316,1.091,120.478,1,1,1,0,0,3,Anomaly,Excessive vibration
2026-01-28 17:45:00,SITE_02,BLDG_03,ASSET_015,Energy Meter,24.437,0.279,0.97,116.013,1,1,1,0,0,3,Anomaly,Excessive vibration
2026-01-28 18:00:00,SITE_02,BLDG_03,ASSET_015,Energy Meter,22.47,0.229,0.884,62.626,1,1,1,0,0,3,Anomaly,Excessive vibration
2026-01-28 18:15:00,SITE_02,BLDG_03,ASSET_015,Energy Meter,23.729,0.382,1.12,116.562,1,1,1,0,0,3,Anomaly,Excessive vibration
2026-01-28 18:30:00,SITE_02,BLDG_03,ASSET_015,Energy Meter,22.918,0.272,1.119,115.646,1,1,1,0,0,3,Anomaly,Excessive vibration
2026-01-28 18:45:00,SITE_02,BLDG_03,ASSET_015,Energy Meter,23.212,0.452,0.985,117.217,1,1,1,0,0,3,Anomaly,Excessive vibration
2026-01-28 19:00:00,SITE_02,BLDG_03,ASSET_015,Energy Meter,22.371,0.325,1.035,34.713,1,1,1,0,0,3,Anomaly,Excessive vibration
2026-01-28 19:15:00,SITE_02,BLDG_03,ASSET_015,Energy Meter,22.325,0.463,1.062,38.152,1,1,1,0,0,3,Anomaly,Excessive vibration
2026-01-28 19:30:00,SITE_02,BLDG_03,ASSET_015,Energy Meter,22.253,0.407,0.96,70.871,1,1,1,0,0,3,Anomaly,Excessive vibration
2026-01-28 19:45:00,SITE_02,BLDG_03,ASSET_015,Energy Meter,22.01,0.302,0.94,36.758,1,1,1,0,0,3,Anomaly,Excessive vibration
2026-01-28 20:00:00,SITE_02,BLDG_03,ASSET_015,Energy Meter,20.709,0.267,0.958,40.756,1,1,1,0,0,3,Anomaly,Excessive vibration
2026-01-28 20:15:00,SITE_02,BLDG_03,ASSET_015,Energy Meter,21.471,0.426,1.14,38.131,1,0,1,0,0,2,Watch,Excessive vibration
2026-01-28 20:30:00,SITE_02,BLDG_03,ASSET_015,Energy Meter,20.715,0.261,0.91,42.385,1,1,1,0,0,3,Anomaly,Excessive vibration
2026-01-28 20:45:00,SITE_02,BLDG_03,ASSET_015,Energy Meter,21.187,0.542,0.96,38.816,1,1,1,0,0,3,Anomaly,Excessive vibration
2026-01-28 21:00:00,SITE_02,BLDG_03,ASSET_015,Energy Meter,21.584,0.397,1.049,39.229,1,1,1,1,0,4,Critical,Excessive vibration
2026-01-28 21:15:00,SITE_02,BLDG_03,ASSET_015,Energy Meter,20.515,0.422,0.841,40.18,1,1,1,0,0,3,Anomaly,Excessive vibration
2026-01-28 21:30:00,SITE_02,BLDG_03,ASSET_015,Energy Meter,19.831,0.407,0.88,40.938,1,1,1,0,0,3,Anomaly,Excessive vibration
2026-02-02 15:30:00,SITE_02,BLDG_03,ASSET_015,Energy Meter,25.35,0.056,1.172,117.396,0,1,1,0,0,2,Watch,Multivariate abnormal behavior
2026-02-02 15:45:00,SITE_02,BLDG_03,ASSET_015,Energy Meter,24.373,0.056,1.148,114.778,0,1,1,0,0,2,Watch,Multivariate abnormal behavior
2026-02-03 16:45:00,SITE_02,BLDG_03,ASSET_015,Energy Meter,25.048,0.041,1.182,117.099,0,1,1,0,0,2,Watch,Multivariate abnormal behavior
2026-02-05 09:15:00,SITE_02,BLDG_03,ASSET_015,Energy Meter,25.035,0.483,1.14,96.66,1,1,0,0,0,2,Watch,Excessive vibration
2026-02-05 14:00:00,SITE_02,BLDG_03,ASSET_015,Energy Meter,26.322,0.084,0.679,103.822,1,1,0,0,0,2,Watch,Abnormal pressure
2026-02-06 23:45:00,SITE_02,BLDG_03,ASSET_015,Energy Meter,19.929,0.343,0.974,35.12,1,0,1,0,0,2,Watch,Excessive vibration
2026-02-07 14:00:00,SITE_02,BLDG_03,ASSET_015,Energy Meter,25.557,0.089,1.159,196.587,1,1,1,0,0,3,Anomaly,Sudden power deviation
2026-02-10 14:00:00,SITE_02,BLDG_03,ASSET_015,Energy Meter,25.291,0.103,,323.949,1,1,1,0,0,3,Anomaly,Sudden power deviation
2026-02-10 21:30:00,SITE_02,BLDG_03,ASSET_015,Energy Meter,20.345,0.381,0.913,39.663,1,0,1,0,0,2,Watch,Excessive vibration
2026-02-11 14:45:00,SITE_02,BLDG_03,ASSET_015,Energy Meter,25.416,0.046,1.204,118.999,0,1,1,0,0,2,Watch,Multivariate abnormal behavior
2026-02-11 17:00:00,SITE_02,BLDG_03,ASSET_015,Energy Meter,23.155,0.042,1.039,114.907,0,1,1,0,0,2,Watch,Multivariate abnormal behavior
2026-02-12 08:00:00,SITE_02,BLDG_03,ASSET_015,Energy Meter,25.102,0.056,1.098,118.192,0,1,1,0,0,2,Watch,Multivariate abnormal behavior
2026-02-12 13:15:00,SITE_02,BLDG_03,ASSET_015,Energy Meter,26.131,0.046,1.109,121.584,0,1,1,0,0,2,Watch,Multivariate abnormal behavior
2026-02-13 08:00:00,SITE_02,BLDG_03,ASSET_015,Energy Meter,24.338,0.065,1.033,118.561,0,1,1,0,0,2,Watch,Multivariate abnormal behavior
2026-02-18 11:30:00,SITE_02,BLDG_03,ASSET_015,Energy Meter,26.64,0.07,0.97,115.647,0,1,1,0,0,2,Watch,Multivariate abnormal behavior
2026-02-20 08:30:00,SITE_02,BLDG_03,ASSET_015,Energy Meter,24.311,0.087,0.953,194.804,1,0,1,0,0,2,Watch,Sudden power deviation
2026-02-20 09:30:00,SITE_02,BLDG_03,ASSET_015,Energy Meter,25.277,0.063,1.079,119.161,0,1,1,0,0,2,Watch,Multivariate abnormal behavior
2026-02-21 12:15:00,SITE_02,BLDG_03,ASSET_015,Energy Meter,25.907,0.087,1.297,73.768,1,0,1,0,0,2,Watch,Abnormal pressure
2026-02-23 09:45:00,SITE_02,BLDG_03,ASSET_015,Energy Meter,25.651,0.103,0.81,249.148,1,1,1,0,0,3,Anomaly,Sudden power deviation
2026-02-23 15:15:00,SITE_02,BLDG_03,ASSET_015,Energy Meter,25.959,0.081,1.271,94.171,1,0,1,0,0,2,Watch,Abnormal pressure
2026-02-25 15:15:00,SITE_02,BLDG_03,ASSET_015,Energy Meter,24.455,0.029,1.15,109.992,0,1,1,0,0,2,Watch,Multivariate abnormal behavior
2026-02-26 15:30:00,SITE_02,BLDG_03,ASSET_015,Energy Meter,24.977,0.017,1.058,100.4,1,0,1,0,0,2,Watch,Excessive vibration
2026-03-01 12:45:00,SITE_02,BLDG_03,ASSET_015,Energy Meter,25.564,0.293,1.077,77.486,1,0,1,0,0,2,Watch,Excessive vibration
2026-03-02 14:45:00,SITE_02,BLDG_03,ASSET_015,Energy Meter,25.43,0.296,0.962,107.166,1,1,1,0,0,3,Anomaly,Excessive vibration
2026-03-02 17:00:00,SITE_02,BLDG_03,ASSET_015,Energy Meter,24.988,0.036,1.098,101.635,0,1,1,0,0,2,Watch,Multivariate abnormal behavior
2026-03-03 17:15:00,SITE_02,BLDG_03,ASSET_015,Energy Meter,22.646,0.098,0.744,50.943,0,1,1,0,0,2,Watch,Multivariate abnormal behavior
2026-03-06 09:00:00,SITE_02,BLDG_03,ASSET_015,Energy Meter,26.098,0.08,1.336,107.137,1,0,1,0,0,2,Watch,Abnormal pressure
2026-03-06 14:00:00,SITE_02,BLDG_03,ASSET_015,Energy Meter,25.216,0.031,1.022,100.081,0,1,1,0,0,2,Watch,Multivariate abnormal behavior
2026-03-09 16:45:00,SITE_02,BLDG_03,ASSET_015,Energy Meter,23.597,0.065,0.719,111.531,1,1,0,0,0,2,Watch,Abnormal pressure
2026-03-10 13:00:00,SITE_02,BLDG_03,ASSET_015,Energy Meter,27.104,0.026,0.898,117.59,1,1,1,0,0,3,Anomaly,Excessive vibration
2026-03-10 16:45:00,SITE_02,BLDG_03,ASSET_015,Energy Meter,24.432,0.062,1.125,117.001,0,1,1,0,0,2,Watch,Multivariate abnormal behavior
2026-03-11 17:45:00,SITE_02,BLDG_03,ASSET_015,Energy Meter,23.266,0.114,0.699,99.301,1,1,0,0,0,2,Watch,Abnormal pressure
2026-03-12 13:15:00,SITE_02,BLDG_03,ASSET_015,Energy Meter,25.614,0.104,1.195,120.484,0,1,1,0,0,2,Watch,Multivariate abnormal behavior
2026-03-12 14:45:00,SITE_02,BLDG_03,ASSET_015,Energy Meter,26.228,0.039,1.025,116.294,0,1,1,0,0,2,Watch,Multivariate abnormal behavior
2026-03-12 16:30:00,SITE_02,BLDG_03,ASSET_015,Energy Meter,25.079,0.112,0.979,304.303,1,0,1,0,0,2,Watch,Sudden power deviation
2026-03-12 17:30:00,SITE_02,BLDG_03,ASSET_015,Energy Meter,,0.139,0.988,111.359,1,1,0,0,0,2,Watch,Excessive vibration
2026-03-12 17:45:00,SITE_02,BLDG_03,ASSET_015,Energy Meter,24.519,0.11,1.11,229.329,1,1,1,0,0,3,Anomaly,Sudden power deviation
2026-03-16 09:45:00,SITE_02,BLDG_03,ASSET_015,Energy Meter,24.357,0.024,0.948,94.719,1,0,1,0,0,2,Watch,Excessive vibration
2026-03-19 16:15:00,SITE_02,BLDG_03,ASSET_015,Energy Meter,23.599,0.054,1.255,91.814,0,1,1,0,0,2,Watch,Multivariate abnormal behavior
2026-03-19 21:15:00,SITE_02,BLDG_03,ASSET_015,Energy Meter,20.907,0.275,1.004,59.625,1,0,1,0,0,2,Watch,Excessive vibration
2026-03-20 12:30:00,SITE_02,BLDG_03,ASSET_015,Energy Meter,26.073,0.025,1.197,113.938,1,1,1,0,0,3,Anomaly,Excessive vibration
2026-03-21 15:45:00,SITE_02,BLDG_03,ASSET_015,Energy Meter,25.016,0.079,1.185,198.163,1,1,1,0,0,3,Anomaly,Sudden power deviation
2026-03-27 04:00:00,SITE_02,BLDG_03,ASSET_015,Energy Meter,21.634,0.111,0.969,180.543,0,1,1,0,0,2,Watch,Multivariate abnormal behavior
2026-03-27 08:45:00,SITE_02,BLDG_03,ASSET_015,Energy Meter,24.822,0.032,1.11,110.503,0,1,1,0,0,2,Watch,Multivariate abnormal behavior
2026-03-31 18:30:00,SITE_02,BLDG_03,ASSET_015,Energy Meter,22.935,0.095,0.724,112.853,1,1,0,0,0,2,Watch,Abnormal pressure
2026-01-04 02:30:00,SITE_02,BLDG_04,ASSET_016,Chiller,19.255,0.696,1.552,8.55,1,0,1,0,0,2,Watch,Excessive vibration
2026-01-05 13:15:00,SITE_02,BLDG_04,ASSET_016,Chiller,24.64,0.158,1.465,195.79,1,0,1,0,0,2,Watch,Sudden power deviation
2026-01-06 05:15:00,SITE_02,BLDG_04,ASSET_016,Chiller,21.227,0.741,1.48,7.049,1,0,1,0,0,2,Watch,Excessive vibration
2026-01-07 08:15:00,SITE_02,BLDG_04,ASSET_016,Chiller,23.614,0.126,1.735,83.16,1,1,1,0,0,3,Anomaly,Abnormal pressure
2026-01-12 13:45:00,SITE_02,BLDG_04,ASSET_016,Chiller,25.795,0.089,1.614,82.813,0,1,1,0,0,2,Watch,Multivariate abnormal behavior
2026-01-15 08:30:00,SITE_02,BLDG_04,ASSET_016,Chiller,23.561,0.136,1.724,78.893,1,1,0,0,0,2,Watch,Abnormal pressure
2026-01-16 15:30:00,SITE_02,BLDG_04,ASSET_016,Chiller,24.531,0.111,1.762,87.552,1,0,1,0,0,2,Watch,Abnormal pressure
2026-01-16 16:30:00,SITE_02,BLDG_04,ASSET_016,Chiller,23.177,0.179,1.223,83.318,1,1,0,0,0,2,Watch,Abnormal pressure
2026-01-18 12:15:00,SITE_02,BLDG_04,ASSET_016,Chiller,26.115,0.163,1.757,63.242,1,0,1,0,0,2,Watch,Abnormal pressure
2026-01-19 18:30:00,SITE_02,BLDG_04,ASSET_016,Chiller,21.644,0.251,,72.848,1,0,1,0,0,2,Watch,Excessive vibration
2026-01-21 18:00:00,SITE_02,BLDG_04,ASSET_016,Chiller,22.424,0.187,1.6,223.463,1,1,1,0,0,3,Anomaly,Sudden power deviation
2026-01-24 16:30:00,SITE_02,BLDG_04,ASSET_016,Chiller,24.326,0.753,1.592,56.477,1,1,0,0,0,2,Watch,Excessive vibration
2026-01-25 12:30:00,SITE_02,BLDG_04,ASSET_016,Chiller,25.074,0.13,1.724,52.929,1,0,1,0,0,2,Watch,Abnormal pressure
2026-01-27 10:15:00,SITE_02,BLDG_04,ASSET_016,Chiller,25.614,0.072,1.57,82.907,1,0,1,0,0,2,Watch,Excessive vibration
2026-01-27 17:45:00,SITE_02,BLDG_04,ASSET_016,Chiller,23.057,0.064,1.555,87.47,1,0,1,0,0,2,Watch,Excessive vibration
2026-01-28 16:30:00,SITE_02,BLDG_04,ASSET_016,Chiller,,0.075,1.586,78.59,1,0,1,0,0,2,Watch,Excessive vibration
2026-01-29 15:30:00,SITE_02,BLDG_04,ASSET_016,Chiller,24.814,,1.739,90.423,1,0,1,0,0,2,Watch,Abnormal pressure
2026-01-30 10:00:00,SITE_02,BLDG_04,ASSET_016,Chiller,25.364,0.152,1.53,102.471,0,1,1,0,0,2,Watch,Multivariate abnormal behavior
2026-02-01 01:15:00,SITE_02,BLDG_04,ASSET_016,Chiller,19.424,0.219,1.267,37.702,1,0,1,0,0,2,Watch,Abnormal pressure
2026-02-03 10:45:00,SITE_02,BLDG_04,ASSET_016,Chiller,23.957,0.077,1.532,77.259,1,0,1,0,0,2,Watch,Excessive vibration
2026-02-03 19:45:00,SITE_02,BLDG_04,ASSET_016,Chiller,21.009,0.269,1.553,10.904,1,1,0,0,0,2,Watch,Excessive vibration
2026-02-05 13:45:00,SITE_02,BLDG_04,ASSET_016,Chiller,25.24,0.126,1.598,101.689,0,1,1,0,0,2,Watch,Multivariate abnormal behavior
2026-02-06 18:00:00,SITE_02,BLDG_04,ASSET_016,Chiller,22.1,0.108,1.582,86.537,0,1,1,0,0,2,Watch,Multivariate abnormal behavior
2026-02-12 11:00:00,SITE_02,BLDG_04,ASSET_016,Chiller,24.424,0.256,1.556,95.668,1,1,0,0,0,2,Watch,Excessive vibration
2026-02-12 13:30:00,SITE_02,BLDG_04,ASSET_016,Chiller,25.09,0.349,1.487,79.128,1,1,0,0,0,2,Watch,Excessive vibration
2026-02-12 14:15:00,SITE_02,BLDG_04,ASSET_016,Chiller,26.276,0.441,1.515,104.554,1,1,0,0,0,2,Watch,Excessive vibration
2026-02-12 14:30:00,SITE_02,BLDG_04,ASSET_016,Chiller,25.864,0.292,1.506,103.443,1,1,0,0,0,2,Watch,Excessive vibration
2026-02-12 15:00:00,SITE_02,BLDG_04,ASSET_016,Chiller,24.972,0.431,1.699,85.04,1,1,1,0,0,3,Anomaly,Excessive vibration
2026-02-12 15:15:00,SITE_02,BLDG_04,ASSET_016,Chiller,24.616,0.338,1.642,94.041,1,1,0,0,0,2,Watch,Excessive vibration
2026-02-12 15:30:00,SITE_02,BLDG_04,ASSET_016,Chiller,24.196,0.446,1.528,251.484,1,1,1,0,0,3,Anomaly,Excessive vibration
2026-02-12 15:45:00,SITE_02,BLDG_04,ASSET_016,Chiller,26.27,0.44,1.5,82.289,1,1,0,0,0,2,Watch,Excessive vibration
2026-02-12 16:00:00,SITE_02,BLDG_04,ASSET_016,Chiller,25.515,0.308,1.659,83.644,1,1,0,0,1,3,Anomaly,Excessive vibration
2026-02-12 16:15:00,SITE_02,BLDG_04,ASSET_016,Chiller,25.401,0.334,1.724,82.835,1,1,0,0,0,2,Watch,Excessive vibration
2026-02-12 16:30:00,SITE_02,BLDG_04,ASSET_016,Chiller,25.054,0.494,1.764,78.696,1,1,1,0,0,3,Anomaly,Excessive vibration
2026-02-12 16:45:00,SITE_02,BLDG_04,ASSET_016,Chiller,24.242,0.537,1.469,91.361,1,1,1,0,0,3,Anomaly,Excessive vibration
2026-02-12 17:00:00,SITE_02,BLDG_04,ASSET_016,Chiller,24.161,0.361,1.622,77.894,1,1,0,0,0,2,Watch,Excessive vibration
2026-02-12 17:15:00,SITE_02,BLDG_04,ASSET_016,Chiller,24.156,0.539,1.638,17.923,1,1,1,0,0,3,Anomaly,Excessive vibration
2026-02-12 17:30:00,SITE_02,BLDG_04,ASSET_016,Chiller,23.9,0.356,1.692,16.769,1,1,0,0,0,2,Watch,Excessive vibration
2026-02-12 17:45:00,SITE_02,BLDG_04,ASSET_016,Chiller,24.486,0.429,1.469,82.949,1,1,1,0,0,3,Anomaly,Excessive vibration
2026-02-12 18:00:00,SITE_02,BLDG_04,ASSET_016,Chiller,23.435,0.425,1.642,20.722,1,1,1,0,0,3,Anomaly,Excessive vibration
2026-02-12 18:15:00,SITE_02,BLDG_04,ASSET_016,Chiller,24.263,0.398,1.561,64.887,1,1,0,0,0,2,Watch,Excessive vibration
2026-02-12 18:30:00,SITE_02,BLDG_04,ASSET_016,Chiller,24.34,0.529,1.593,96.688,1,1,1,1,0,4,Critical,Excessive vibration
2026-02-12 18:45:00,SITE_02,BLDG_04,ASSET_016,Chiller,24.885,0.545,1.576,91.874,1,1,1,1,0,4,Critical,Excessive vibration
2026-02-12 19:15:00,SITE_02,BLDG_04,ASSET_016,Chiller,23.198,0.583,1.725,12.476,1,1,1,0,0,3,Anomaly,Excessive vibration
2026-02-12 19:30:00,SITE_02,BLDG_04,ASSET_016,Chiller,22.027,0.592,1.684,10.503,1,1,1,0,0,3,Anomaly,Excessive vibration
2026-02-12 19:45:00,SITE_02,BLDG_04,ASSET_016,Chiller,22.769,0.531,1.681,11.687,1,1,1,0,0,3,Anomaly,Excessive vibration
2026-02-12 20:00:00,SITE_02,BLDG_04,ASSET_016,Chiller,23.746,0.679,1.734,50.862,1,1,0,0,0,2,Watch,Excessive vibration
2026-02-12 20:15:00,SITE_02,BLDG_04,ASSET_016,Chiller,24.549,0.449,1.519,8.253,1,1,1,0,0,3,Anomaly,Excessive vibration
2026-02-12 20:30:00,SITE_02,BLDG_04,ASSET_016,Chiller,22.761,0.743,1.662,12.811,1,1,1,0,0,3,Anomaly,Excessive vibration
2026-02-12 20:45:00,SITE_02,BLDG_04,ASSET_016,Chiller,24.243,0.536,1.613,9.564,1,1,1,0,0,3,Anomaly,Excessive vibration
2026-02-12 21:00:00,SITE_02,BLDG_04,ASSET_016,Chiller,23.078,0.47,1.525,13.658,1,1,1,0,0,3,Anomaly,Excessive vibration
2026-02-12 21:15:00,SITE_02,BLDG_04,ASSET_016,Chiller,22.369,0.72,1.698,10.813,1,1,1,0,0,3,Anomaly,Excessive vibration
2026-02-12 21:30:00,SITE_02,BLDG_04,ASSET_016,Chiller,22.02,0.823,1.75,11.09,1,1,1,0,0,3,Anomaly,Excessive vibration
2026-02-12 21:45:00,SITE_02,BLDG_04,ASSET_016,Chiller,23.883,0.64,1.624,12.216,1,1,1,1,0,4,Critical,Excessive vibration
2026-02-12 22:00:00,SITE_02,BLDG_04,ASSET_016,Chiller,22.783,0.504,1.745,58.539,1,1,1,0,0,3,Anomaly,Excessive vibration
2026-02-19 09:15:00,SITE_02,BLDG_04,ASSET_016,Chiller,24.256,0.109,1.669,84.149,0,1,1,0,0,2,Watch,Multivariate abnormal behavior
2026-02-19 15:45:00,SITE_02,BLDG_04,ASSET_016,Chiller,24.487,0.074,1.526,79.659,1,0,1,0,0,2,Watch,Excessive vibration
2026-02-21 14:30:00,SITE_02,BLDG_04,ASSET_016,Chiller,25.557,0.067,1.474,59.109,1,0,1,0,0,2,Watch,Excessive vibration
2026-02-24 17:45:00,SITE_02,BLDG_04,ASSET_016,Chiller,22.715,0.271,1.444,88.222,1,1,0,0,0,2,Watch,Excessive vibration
2026-02-25 09:30:00,SITE_02,BLDG_04,ASSET_016,Chiller,26.026,0.138,1.46,98.449,0,1,1,0,0,2,Watch,Multivariate abnormal behavior
2026-02-25 14:45:00,SITE_02,BLDG_04,ASSET_016,Chiller,24.75,0.075,1.739,92.236,1,0,1,0,0,2,Watch,Excessive vibration
2026-02-26 08:45:00,SITE_02,BLDG_04,ASSET_016,Chiller,23.593,0.185,1.74,102.431,1,1,0,0,0,2,Watch,Abnormal pressure
2026-02-26 10:30:00,SITE_02,BLDG_04,ASSET_016,Chiller,24.305,0.189,1.491,220.17,1,0,1,0,0,2,Watch,Sudden power deviation
2026-02-26 10:45:00,SITE_02,BLDG_04,ASSET_016,Chiller,24.234,0.156,1.786,92.031,1,0,1,0,0,2,Watch,Abnormal pressure
2026-02-27 08:00:00,SITE_02,BLDG_04,ASSET_016,Chiller,24.682,0.139,1.521,81.889,0,1,1,0,0,2,Watch,Multivariate abnormal behavior
2026-02-28 01:00:00,SITE_02,BLDG_04,ASSET_016,Chiller,20.392,0.266,1.658,45.685,1,0,1,0,0,2,Watch,Excessive vibration
2026-02-28 02:30:00,SITE_02,BLDG_04,ASSET_016,Chiller,20.361,0.416,1.591,12.15,1,0,1,0,0,2,Watch,Excessive vibration
2026-02-28 02:45:00,SITE_02,BLDG_04,ASSET_016,Chiller,20.358,0.346,1.636,11.127,1,0,0,0,1,2,Watch,Excessive vibration
2026-02-28 03:30:00,SITE_02,BLDG_04,ASSET_016,Chiller,22.635,0.531,1.809,8.705,1,0,1,0,0,2,Watch,Excessive vibration
2026-02-28 03:45:00,SITE_02,BLDG_04,ASSET_016,Chiller,21.666,0.454,1.556,5.374,1,0,1,0,0,2,Watch,Excessive vibration
2026-02-28 04:15:00,SITE_02,BLDG_04,ASSET_016,Chiller,22.682,0.29,1.721,41.379,1,1,0,0,0,2,Watch,Excessive vibration
2026-02-28 04:45:00,SITE_02,BLDG_04,ASSET_016,Chiller,21.149,0.442,1.695,52.094,1,1,1,0,0,3,Anomaly,Excessive vibration
2026-02-28 05:00:00,SITE_02,BLDG_04,ASSET_016,Chiller,22.486,0.485,1.397,45.487,1,1,0,0,0,2,Watch,Excessive vibration
2026-02-28 05:30:00,SITE_02,BLDG_04,ASSET_016,Chiller,22.671,0.513,1.548,6.036,1,0,1,0,0,2,Watch,Excessive vibration
2026-02-28 05:45:00,SITE_02,BLDG_04,ASSET_016,Chiller,22.551,0.515,1.736,51.009,1,1,1,0,0,3,Anomaly,Excessive vibration
2026-02-28 06:00:00,SITE_02,BLDG_04,ASSET_016,Chiller,24.097,0.553,1.613,10.797,1,1,1,1,0,4,Critical,Excessive vibration
2026-02-28 06:15:00,SITE_02,BLDG_04,ASSET_016,Chiller,23.677,0.39,1.635,49.217,1,1,0,0,0,2,Watch,Excessive vibration
2026-02-28 06:30:00,SITE_02,BLDG_04,ASSET_016,Chiller,25.251,0.672,1.698,9.127,1,1,1,0,0,3,Anomaly,Excessive vibration
2026-02-28 06:45:00,SITE_02,BLDG_04,ASSET_016,Chiller,24.014,0.37,1.654,10.645,1,1,0,0,0,2,Watch,Excessive vibration
2026-02-28 07:00:00,SITE_02,BLDG_04,ASSET_016,Chiller,23.926,0.58,1.749,8.177,1,0,1,0,0,2,Watch,Excessive vibration
2026-02-28 07:15:00,SITE_02,BLDG_04,ASSET_016,Chiller,25.94,0.567,1.664,8.442,1,1,1,0,0,3,Anomaly,Excessive vibration
2026-02-28 07:45:00,SITE_02,BLDG_04,ASSET_016,Chiller,26.056,0.48,1.498,8.271,1,1,1,0,0,3,Anomaly,Excessive vibration
2026-02-28 08:00:00,SITE_02,BLDG_04,ASSET_016,Chiller,27.042,0.72,1.598,62.995,1,1,0,1,0,3,Anomaly,Excessive vibration
2026-02-28 08:15:00,SITE_02,BLDG_04,ASSET_016,Chiller,24.917,0.468,1.492,10.362,1,0,1,0,0,2,Watch,Excessive vibration
2026-02-28 08:30:00,SITE_02,BLDG_04,ASSET_016,Chiller,25.767,0.635,1.691,54.228,1,1,0,0,0,2,Watch,Excessive vibration
2026-02-28 08:45:00,SITE_02,BLDG_04,ASSET_016,Chiller,25.427,0.513,1.738,55.104,1,1,0,0,0,2,Watch,Excessive vibration
2026-02-28 09:00:00,SITE_02,BLDG_04,ASSET_016,Chiller,27.664,0.583,1.565,51.913,1,1,0,0,0,2,Watch,Excessive vibration
2026-02-28 09:30:00,SITE_02,BLDG_04,ASSET_016,Chiller,27.789,0.722,1.756,63.678,1,1,0,0,0,2,Watch,Excessive vibration
2026-02-28 09:45:00,SITE_02,BLDG_04,ASSET_016,Chiller,25.975,0.8,1.735,47.447,1,1,0,0,0,2,Watch,Excessive vibration
2026-02-28 10:00:00,SITE_02,BLDG_04,ASSET_016,Chiller,28.001,0.495,1.52,63.415,1,1,0,1,0,3,Anomaly,Excessive vibration
2026-02-28 10:15:00,SITE_02,BLDG_04,ASSET_016,Chiller,27.867,0.565,1.743,63.303,1,1,0,0,0,2,Watch,Excessive vibration
2026-02-28 11:00:00,SITE_02,BLDG_04,ASSET_016,Chiller,24.356,0.141,1.581,54.692,0,1,1,0,0,2,Watch,Multivariate abnormal behavior
2026-03-02 03:30:00,SITE_02,BLDG_04,ASSET_016,Chiller,19.469,0.073,1.483,38.124,1,0,1,0,0,2,Watch,Excessive vibration
2026-03-02 04:30:00,SITE_02,BLDG_04,ASSET_016,Chiller,19.711,0.689,1.424,5.138,1,0,1,0,0,2,Watch,Excessive vibration
2026-03-03 13:45:00,SITE_02,BLDG_04,ASSET_016,Chiller,25.271,0.053,1.618,83.227,1,0,1,0,0,2,Watch,Excessive vibration
2026-03-12 23:15:00,SITE_02,BLDG_04,ASSET_016,Chiller,19.622,0.296,1.61,47.244,1,0,1,0,0,2,Watch,Excessive vibration
2026-03-13 02:00:00,SITE_02,BLDG_04,ASSET_016,Chiller,20.269,0.396,1.525,6.848,1,0,1,0,0,2,Watch,Excessive vibration
2026-03-13 02:30:00,SITE_02,BLDG_04,ASSET_016,Chiller,20.425,0.442,1.437,13.599,1,0,1,0,1,3,Anomaly,Excessive vibration
2026-03-13 02:45:00,SITE_02,BLDG_04,ASSET_016,Chiller,20.571,0.327,1.601,9.672,1,0,0,0,1,2,Watch,Excessive vibration
2026-03-13 03:00:00,SITE_02,BLDG_04,ASSET_016,Chiller,20.68,0.296,1.483,11.859,1,0,0,0,1,2,Watch,Excessive vibration
2026-03-13 03:45:00,SITE_02,BLDG_04,ASSET_016,Chiller,21.651,0.413,1.69,53.188,1,1,1,0,0,3,Anomaly,Excessive vibration
2026-03-13 04:00:00,SITE_02,BLDG_04,ASSET_016,Chiller,22.856,0.483,1.606,48.774,1,1,0,0,0,2,Watch,Excessive vibration
2026-03-13 04:15:00,SITE_02,BLDG_04,ASSET_016,Chiller,21.364,0.471,1.662,13.028,1,0,1,0,0,2,Watch,Excessive vibration
2026-03-13 04:45:00,SITE_02,BLDG_04,ASSET_016,Chiller,22.628,0.606,1.671,10.078,1,1,1,0,0,3,Anomaly,Excessive vibration
2026-03-13 05:00:00,SITE_02,BLDG_04,ASSET_016,Chiller,23.171,0.5,1.514,39.561,1,0,0,1,0,2,Watch,Excessive vibration
2026-03-13 05:15:00,SITE_02,BLDG_04,ASSET_016,Chiller,23.054,0.572,1.549,8.872,1,1,1,0,0,3,Anomaly,Excessive vibration
2026-03-13 05:30:00,SITE_02,BLDG_04,ASSET_016,Chiller,24.342,0.433,1.533,7.506,1,1,1,0,0,3,Anomaly,Excessive vibration
2026-03-13 05:45:00,SITE_02,BLDG_04,ASSET_016,Chiller,23.79,0.645,1.7,9.482,1,0,1,0,0,2,Watch,Excessive vibration
2026-03-13 06:00:00,SITE_02,BLDG_04,ASSET_016,Chiller,24.192,0.664,1.59,12.178,1,1,1,0,0,3,Anomaly,Excessive vibration
2026-03-13 06:15:00,SITE_02,BLDG_04,ASSET_016,Chiller,22.772,0.652,1.587,12.934,1,0,1,1,0,3,Anomaly,Excessive vibration
2026-03-13 06:30:00,SITE_02,BLDG_04,ASSET_016,Chiller,24.377,0.469,1.517,11.635,1,0,1,0,0,2,Watch,Excessive vibration
2026-03-13 06:45:00,SITE_02,BLDG_04,ASSET_016,Chiller,23.942,0.661,1.66,15.77,1,0,1,0,0,2,Watch,Excessive vibration
2026-03-13 07:00:00,SITE_02,BLDG_04,ASSET_016,Chiller,23.818,0.428,1.626,9.661,1,0,1,0,0,2,Watch,Excessive vibration
2026-03-13 07:15:00,SITE_02,BLDG_04,ASSET_016,Chiller,25.685,0.44,1.574,10.91,1,1,1,0,0,3,Anomaly,Excessive vibration
2026-03-13 07:30:00,SITE_02,BLDG_04,ASSET_016,Chiller,26.464,0.528,1.633,8.973,1,1,1,0,0,3,Anomaly,Excessive vibration
2026-03-13 07:45:00,SITE_02,BLDG_04,ASSET_016,Chiller,26.785,0.65,1.683,9.891,1,1,1,0,0,3,Anomaly,Excessive vibration
2026-03-13 08:00:00,SITE_02,BLDG_04,ASSET_016,Chiller,26.915,0.632,1.584,103.754,1,1,1,0,0,3,Anomaly,Excessive vibration
2026-03-13 08:15:00,SITE_02,BLDG_04,ASSET_016,Chiller,26.942,0.633,1.63,107.175,1,1,1,0,0,3,Anomaly,Excessive vibration
2026-03-13 08:30:00,SITE_02,BLDG_04,ASSET_016,Chiller,25.272,0.66,1.619,84.914,1,1,1,0,0,3,Anomaly,Excessive vibration
2026-03-13 08:45:00,SITE_02,BLDG_04,ASSET_016,Chiller,27.155,0.672,1.5,80.763,1,1,0,0,0,2,Watch,Excessive vibration
2026-03-13 09:00:00,SITE_02,BLDG_04,ASSET_016,Chiller,27.178,0.676,1.566,114.048,1,1,1,0,0,3,Anomaly,Excessive vibration
2026-03-13 09:15:00,SITE_02,BLDG_04,ASSET_016,Chiller,25.742,0.655,1.678,104.676,1,1,1,1,0,4,Critical,Excessive vibration
2026-03-16 02:15:00,SITE_02,BLDG_04,ASSET_016,Chiller,19.927,0.582,1.355,7.094,1,0,1,0,0,2,Watch,Excessive vibration
2026-03-16 11:45:00,SITE_02,BLDG_04,ASSET_016,Chiller,25.207,0.184,1.735,101.067,1,1,0,0,0,2,Watch,Abnormal pressure
2026-03-16 14:00:00,SITE_02,BLDG_04,ASSET_016,Chiller,24.502,0.075,1.418,84.397,1,0,1,0,0,2,Watch,Excessive vibration
2026-03-17 07:00:00,SITE_02,BLDG_04,ASSET_016,Chiller,22.578,0.727,1.541,12.113,1,0,1,0,0,2,Watch,Excessive vibration
2026-03-18 13:45:00,SITE_02,BLDG_04,ASSET_016,Chiller,25.122,0.161,1.737,84.322,1,0,1,0,0,2,Watch,Abnormal pressure
2026-03-19 10:00:00,SITE_02,BLDG_04,ASSET_016,Chiller,25.609,0.064,1.533,106.179,1,1,1,0,0,3,Anomaly,Excessive vibration
2026-03-19 19:15:00,SITE_02,BLDG_04,ASSET_016,Chiller,21.247,0.064,1.602,51.749,1,0,1,0,0,2,Watch,Excessive vibration
2026-03-22 08:45:00,SITE_02,BLDG_04,ASSET_016,Chiller,23.81,0.133,1.748,52.405,1,0,1,0,0,2,Watch,Abnormal pressure
2026-03-24 08:30:00,SITE_02,BLDG_04,ASSET_016,Chiller,22.674,0.098,1.648,81.56,0,1,1,0,0,2,Watch,Multivariate abnormal behavior
2026-03-24 15:45:00,SITE_02,BLDG_04,ASSET_016,Chiller,23.976,0.115,1.726,83.364,1,0,1,0,0,2,Watch,Abnormal pressure
2026-03-25 07:00:00,SITE_02,BLDG_04,ASSET_016,Chiller,22.253,0.13,1.755,46.565,1,0,1,0,0,2,Watch,Abnormal pressure
2026-03-26 13:15:00,SITE_02,BLDG_04,ASSET_016,Chiller,24.895,0.068,1.503,86.785,1,0,1,0,0,2,Watch,Excessive vibration
2026-03-27 10:15:00,SITE_02,BLDG_04,ASSET_016,Chiller,25.641,0.177,1.505,103.053,0,1,1,0,0,2,Watch,Multivariate abnormal behavior
2026-03-27 17:45:00,SITE_02,BLDG_04,ASSET_016,Chiller,22.862,0.139,1.454,193.986,1,1,0,0,0,2,Watch,Sudden power deviation
2026-03-27 20:15:00,SITE_02,BLDG_04,ASSET_016,Chiller,19.503,0.219,1.605,43.334,0,1,1,0,0,2,Watch,Multivariate abnormal behavior
2026-03-31 22:45:00,SITE_02,BLDG_04,ASSET_016,Chiller,19.214,0.9,1.491,11.396,1,1,1,0,0,3,Anomaly,Excessive vibration
2026-01-08 02:00:00,SITE_02,BLDG_04,ASSET_017,AHU,21.13,0.605,0.884,11.31,1,0,1,0,0,2,Watch,Excessive vibration
2026-01-28 20:00:00,SITE_02,BLDG_04,ASSET_017,AHU,21.421,0.445,0.92,10.32,1,0,1,0,0,2,Watch,Excessive vibration
2026-01-31 12:45:00,SITE_02,BLDG_04,ASSET_017,AHU,26.252,0.044,0.719,13.821,1,0,1,0,0,2,Watch,Abnormal pressure
2026-02-12 04:15:00,SITE_02,BLDG_04,ASSET_017,AHU,23.174,0.153,1.032,15.655,1,0,0,0,1,2,Watch,Excessive vibration
2026-02-12 05:45:00,SITE_02,BLDG_04,ASSET_017,AHU,23.375,0.305,0.93,18.662,1,0,0,0,1,2,Watch,Excessive vibration
2026-02-12 06:00:00,SITE_02,BLDG_04,ASSET_017,AHU,24.559,0.228,0.942,15.459,1,0,0,0,1,2,Watch,Excessive vibration
2026-02-12 06:15:00,SITE_02,BLDG_04,ASSET_017,AHU,24.949,0.18,0.996,9.856,1,0,0,0,1,2,Watch,Excessive vibration
2026-02-12 06:30:00,SITE_02,BLDG_04,ASSET_017,AHU,24.751,0.184,0.845,13.729,1,0,0,0,1,2,Watch,Excessive vibration
2026-02-12 07:15:00,SITE_02,BLDG_04,ASSET_017,AHU,26.645,0.325,1.262,11.087,1,0,1,0,0,2,Watch,Excessive vibration
2026-02-12 08:15:00,SITE_02,BLDG_04,ASSET_017,AHU,26.159,0.355,0.951,24.941,1,0,1,0,0,2,Watch,Excessive vibration
2026-02-12 08:30:00,SITE_02,BLDG_04,ASSET_017,AHU,26.558,0.342,1.001,31.313,1,1,1,0,0,3,Anomaly,Excessive vibration
2026-02-12 09:00:00,SITE_02,BLDG_04,ASSET_017,AHU,26.363,0.375,1.039,24.204,1,0,1,0,0,2,Watch,Excessive vibration
2026-02-12 09:15:00,SITE_02,BLDG_04,ASSET_017,AHU,27.51,0.336,0.962,34.137,1,0,1,0,0,2,Watch,Excessive vibration
2026-02-12 09:30:00,SITE_02,BLDG_04,ASSET_017,AHU,26.64,0.442,0.948,37.169,1,0,1,0,0,2,Watch,Excessive vibration
2026-02-12 09:45:00,SITE_02,BLDG_04,ASSET_017,AHU,27.613,0.474,0.985,31.468,1,1,1,0,0,3,Anomaly,Excessive vibration
2026-02-12 10:00:00,SITE_02,BLDG_04,ASSET_017,AHU,28.332,0.464,1.018,35.696,1,1,1,0,0,3,Anomaly,Excessive vibration
2026-02-12 10:15:00,SITE_02,BLDG_04,ASSET_017,AHU,27.538,0.476,1.163,27.924,1,1,1,0,0,3,Anomaly,Excessive vibration
2026-02-12 10:30:00,SITE_02,BLDG_04,ASSET_017,AHU,27.234,0.486,0.945,28.662,1,0,1,1,1,4,Critical,Excessive vibration
2026-02-12 10:45:00,SITE_02,BLDG_04,ASSET_017,AHU,27.413,0.551,1.038,29.298,1,1,1,0,0,3,Anomaly,Excessive vibration
2026-02-12 11:00:00,SITE_02,BLDG_04,ASSET_017,AHU,28.313,0.577,1.06,31.824,1,1,1,0,0,3,Anomaly,Excessive vibration
2026-02-12 11:15:00,SITE_02,BLDG_04,ASSET_017,AHU,27.616,0.58,0.893,30.302,1,1,1,0,0,3,Anomaly,Excessive vibration
2026-02-12 11:30:00,SITE_02,BLDG_04,ASSET_017,AHU,28.555,0.382,1.075,21.661,1,1,1,0,0,3,Anomaly,Excessive vibration
2026-02-12 11:45:00,SITE_02,BLDG_04,ASSET_017,AHU,28.29,0.448,1.075,28.087,1,1,1,0,0,3,Anomaly,Excessive vibration
2026-02-12 12:00:00,SITE_02,BLDG_04,ASSET_017,AHU,28.568,0.418,0.905,31.872,1,1,1,0,0,3,Anomaly,Excessive vibration
2026-02-12 12:15:00,SITE_02,BLDG_04,ASSET_017,AHU,29.082,0.411,1.063,34.354,1,1,1,0,0,3,Anomaly,Excessive vibration
2026-02-12 12:30:00,SITE_02,BLDG_04,ASSET_017,AHU,27.941,0.523,0.974,27.066,1,1,1,0,0,3,Anomaly,Excessive vibration
2026-02-12 12:45:00,SITE_02,BLDG_04,ASSET_017,AHU,28.046,0.429,0.995,28.888,1,0,1,0,0,2,Watch,Excessive vibration
2026-02-12 13:15:00,SITE_02,BLDG_04,ASSET_017,AHU,26.33,0.268,0.681,27.967,1,1,0,0,0,2,Watch,Excessive vibration
2026-02-12 13:45:00,SITE_02,BLDG_04,ASSET_017,AHU,26.099,0.255,1.175,26.589,1,1,0,0,0,2,Watch,Excessive vibration
2026-02-12 14:15:00,SITE_02,BLDG_04,ASSET_017,AHU,27.788,0.245,1.091,29.748,1,1,0,0,0,2,Watch,Excessive vibration
2026-02-12 14:30:00,SITE_02,BLDG_04,ASSET_017,AHU,26.81,0.297,0.882,33.072,1,1,1,0,0,3,Anomaly,Excessive vibration
2026-02-12 15:00:00,SITE_02,BLDG_04,ASSET_017,AHU,26.128,0.298,0.93,29.219,1,0,1,0,0,2,Watch,Excessive vibration
2026-02-12 15:30:00,SITE_02,BLDG_04,ASSET_017,AHU,26.855,0.252,1.155,33.465,1,1,1,0,0,3,Anomaly,Excessive vibration
2026-02-12 15:45:00,SITE_02,BLDG_04,ASSET_017,AHU,26.785,0.378,0.958,21.723,1,1,0,0,0,2,Watch,Excessive vibration
2026-02-12 16:15:00,SITE_02,BLDG_04,ASSET_017,AHU,26.716,0.354,0.783,26.317,1,1,1,0,0,3,Anomaly,Excessive vibration
2026-02-12 16:45:00,SITE_02,BLDG_04,ASSET_017,AHU,25.506,0.373,1.066,24.124,1,0,1,0,0,2,Watch,Excessive vibration
2026-02-12 17:30:00,SITE_02,BLDG_04,ASSET_017,AHU,25.718,0.315,0.963,31.047,1,0,1,0,0,2,Watch,Excessive vibration
2026-02-12 18:00:00,SITE_02,BLDG_04,ASSET_017,AHU,25.289,0.47,1.151,33.562,1,1,1,0,0,3,Anomaly,Excessive vibration
2026-02-12 18:15:00,SITE_02,BLDG_04,ASSET_017,AHU,25.01,0.44,0.899,25.776,1,1,1,0,0,3,Anomaly,Excessive vibration
2026-02-12 18:30:00,SITE_02,BLDG_04,ASSET_017,AHU,25.266,0.337,1.094,32.068,1,0,1,0,0,2,Watch,Excessive vibration
2026-02-12 19:30:00,SITE_02,BLDG_04,ASSET_017,AHU,24.78,0.485,1.046,11.317,1,0,1,0,0,2,Watch,Excessive vibration
2026-02-12 19:45:00,SITE_02,BLDG_04,ASSET_017,AHU,24.499,0.413,1.046,18.475,1,1,1,0,0,3,Anomaly,Excessive vibration
2026-02-28 09:30:00,SITE_02,BLDG_04,ASSET_017,AHU,26.263,0.425,1.091,11.903,1,0,1,0,0,2,Watch,Excessive vibration
2026-03-05 00:30:00,SITE_02,BLDG_04,ASSET_017,AHU,21.526,0.214,1.093,16.993,1,0,0,0,1,2,Watch,Excessive vibration
2026-03-05 01:30:00,SITE_02,BLDG_04,ASSET_017,AHU,21.986,0.228,0.845,11.072,1,0,0,0,1,2,Watch,Excessive vibration
2026-03-05 01:45:00,SITE_02,BLDG_04,ASSET_017,AHU,20.955,0.253,0.871,9.498,1,0,0,0,1,2,Watch,Excessive vibration
2026-03-05 03:00:00,SITE_02,BLDG_04,ASSET_017,AHU,22.748,0.292,1.127,14.18,1,0,0,0,1,2,Watch,Excessive vibration
2026-03-05 03:15:00,SITE_02,BLDG_04,ASSET_017,AHU,22.597,0.278,1.038,11.503,1,0,0,0,1,2,Watch,Excessive vibration
2026-03-05 05:30:00,SITE_02,BLDG_04,ASSET_017,AHU,24.229,0.468,0.909,17.699,1,0,1,0,0,2,Watch,Excessive vibration
2026-03-05 06:00:00,SITE_02,BLDG_04,ASSET_017,AHU,25.857,0.498,0.955,12.229,1,1,1,0,0,3,Anomaly,Excessive vibration
2026-03-05 06:45:00,SITE_02,BLDG_04,ASSET_017,AHU,25.141,0.463,1.081,11.409,1,0,1,0,0,2,Watch,Excessive vibration
2026-03-05 07:00:00,SITE_02,BLDG_04,ASSET_017,AHU,26.107,0.369,1.062,11.182,1,0,1,0,0,2,Watch,Excessive vibration
2026-03-05 07:15:00,SITE_02,BLDG_04,ASSET_017,AHU,26.124,0.324,1.177,12.48,1,0,1,0,0,2,Watch,Excessive vibration
2026-03-05 14:30:00,SITE_02,BLDG_04,ASSET_017,AHU,26.381,0.068,0.904,53.071,1,0,1,0,0,2,Watch,Sudden power deviation
2026-03-23 09:15:00,SITE_02,BLDG_04,ASSET_017,AHU,25.481,0.086,1.276,21.337,1,0,0,0,1,2,Watch,Abnormal pressure
2026-01-05 15:45:00,SITE_02,BLDG_04,ASSET_018,AHU,23.865,0.414,1.127,29.521,1,1,1,0,0,3,Anomaly,Excessive vibration
2026-01-18 06:15:00,SITE_02,BLDG_04,ASSET_018,AHU,21.611,0.176,0.964,17.347,1,0,0,0,1,2,Watch,Excessive vibration
2026-01-18 06:30:00,SITE_02,BLDG_04,ASSET_018,AHU,22.405,0.145,0.925,12.628,1,0,0,0,1,2,Watch,Excessive vibration
2026-01-18 09:00:00,SITE_02,BLDG_04,ASSET_018,AHU,23.889,0.182,0.99,14.368,1,0,0,0,1,2,Watch,Excessive vibration
2026-01-18 10:15:00,SITE_02,BLDG_04,ASSET_018,AHU,25.558,0.332,0.937,18.316,1,0,1,0,0,2,Watch,Excessive vibration
2026-01-18 12:00:00,SITE_02,BLDG_04,ASSET_018,AHU,25.811,0.452,0.861,20.877,1,0,1,0,0,2,Watch,Excessive vibration
2026-01-18 12:15:00,SITE_02,BLDG_04,ASSET_018,AHU,25.819,0.419,1.044,23.323,1,0,1,0,0,2,Watch,Excessive vibration
2026-01-18 12:30:00,SITE_02,BLDG_04,ASSET_018,AHU,25.36,0.267,1.099,13.044,1,0,0,0,1,2,Watch,Excessive vibration
2026-01-18 12:45:00,SITE_02,BLDG_04,ASSET_018,AHU,25.725,0.236,0.717,17.121,1,0,1,0,0,2,Watch,Excessive vibration
2026-01-18 13:00:00,SITE_02,BLDG_04,ASSET_018,AHU,24.956,0.338,0.696,22.671,1,0,1,0,0,2,Watch,Excessive vibration
2026-01-18 13:30:00,SITE_02,BLDG_04,ASSET_018,AHU,24.963,0.45,0.968,16.419,1,0,1,0,0,2,Watch,Excessive vibration
2026-01-18 13:45:00,SITE_02,BLDG_04,ASSET_018,AHU,26.312,0.405,1.002,18.302,1,1,0,0,0,2,Watch,Excessive vibration
2026-01-18 14:00:00,SITE_02,BLDG_04,ASSET_018,AHU,25.593,0.345,0.944,24.959,1,0,1,0,0,2,Watch,Excessive vibration
2026-01-18 15:15:00,SITE_02,BLDG_04,ASSET_018,AHU,25.853,0.48,0.967,19.442,1,0,1,1,0,3,Anomaly,Excessive vibration
2026-01-22 12:45:00,SITE_02,BLDG_04,ASSET_018,AHU,24.203,0.469,0.946,25.011,1,0,1,0,0,2,Watch,Excessive vibration
2026-02-12 08:45:00,SITE_02,BLDG_04,ASSET_018,AHU,24.345,0.084,1.001,47.689,1,0,1,0,0,2,Watch,Sudden power deviation
2026-02-13 20:30:00,SITE_02,BLDG_04,ASSET_018,AHU,19.502,0.413,0.974,9.884,1,0,1,0,0,2,Watch,Excessive vibration
2026-02-24 21:30:00,SITE_02,BLDG_04,ASSET_018,AHU,19.84,0.276,1.057,13.57,1,0,0,0,1,2,Watch,Excessive vibration
2026-02-24 21:45:00,SITE_02,BLDG_04,ASSET_018,AHU,20.658,0.265,1.103,10.251,1,0,0,0,1,2,Watch,Excessive vibration
2026-02-24 22:00:00,SITE_02,BLDG_04,ASSET_018,AHU,19.675,0.19,1.127,7.752,1,0,0,0,1,2,Watch,Excessive vibration
2026-02-24 22:15:00,SITE_02,BLDG_04,ASSET_018,AHU,19.283,0.192,0.957,11.838,1,0,0,0,1,2,Watch,Excessive vibration
2026-02-24 23:15:00,SITE_02,BLDG_04,ASSET_018,AHU,19.916,0.375,0.97,14.525,1,0,1,0,0,2,Watch,Excessive vibration
2026-02-24 23:30:00,SITE_02,BLDG_04,ASSET_018,AHU,19.868,0.339,1.109,18.007,1,0,1,0,1,3,Anomaly,Excessive vibration
2026-02-24 23:45:00,SITE_02,BLDG_04,ASSET_018,AHU,19.433,0.373,0.975,15.574,1,0,1,0,0,2,Watch,Excessive vibration
2026-02-25 00:30:00,SITE_02,BLDG_04,ASSET_018,AHU,19.915,0.412,1.013,13.869,1,0,1,0,0,2,Watch,Excessive vibration
2026-02-25 00:45:00,SITE_02,BLDG_04,ASSET_018,AHU,18.652,0.305,1.09,13.418,1,0,1,0,0,2,Watch,Excessive vibration
2026-02-25 01:15:00,SITE_02,BLDG_04,ASSET_018,AHU,19.902,0.444,0.878,7.634,1,0,1,1,0,3,Anomaly,Excessive vibration
2026-02-25 02:15:00,SITE_02,BLDG_04,ASSET_018,AHU,20.895,0.473,0.927,15.724,1,0,1,0,0,2,Watch,Excessive vibration
2026-02-25 02:45:00,SITE_02,BLDG_04,ASSET_018,AHU,20.074,0.416,0.972,13.41,1,0,1,0,0,2,Watch,Excessive vibration
2026-02-25 03:45:00,SITE_02,BLDG_04,ASSET_018,AHU,21.577,0.411,1.141,9.875,1,0,1,0,0,2,Watch,Excessive vibration
2026-02-25 04:15:00,SITE_02,BLDG_04,ASSET_018,AHU,21.579,0.559,0.868,15.647,1,1,1,0,0,3,Anomaly,Excessive vibration
2026-03-21 07:45:00,SITE_02,BLDG_04,ASSET_018,AHU,22.711,0.613,0.823,11.985,1,0,1,0,0,2,Watch,Excessive vibration
2026-03-27 12:45:00,SITE_02,BLDG_04,ASSET_018,AHU,25.967,0.333,0.992,27.225,1,0,1,0,0,2,Watch,Excessive vibration
2026-01-01 16:00:00,SITE_02,BLDG_04,ASSET_019,Pump,25.036,0.347,4.264,15.142,0,1,1,0,0,2,Watch,Multivariate abnormal behavior
2026-01-02 11:45:00,SITE_02,BLDG_04,ASSET_019,Pump,27.22,0.233,3.906,8.731,1,1,1,0,0,3,Anomaly,Abnormal pressure
2026-01-05 11:15:00,SITE_02,BLDG_04,ASSET_019,Pump,26.152,1.032,4.394,11.03,1,1,1,0,0,3,Anomaly,Excessive vibration
2026-01-05 14:00:00,SITE_02,BLDG_04,ASSET_019,Pump,25.968,0.229,4.022,13.557,0,1,1,0,0,2,Watch,Multivariate abnormal behavior
2026-01-05 18:30:00,SITE_02,BLDG_04,ASSET_019,Pump,23.625,0.406,4.957,12.951,1,0,1,0,0,2,Watch,Excessive vibration
2026-01-07 09:00:00,SITE_02,BLDG_04,ASSET_019,Pump,26.167,0.302,3.848,9.824,1,1,1,0,0,3,Anomaly,Abnormal pressure
2026-01-07 18:15:00,SITE_02,BLDG_04,ASSET_019,Pump,23.939,1.803,4.741,12.343,1,1,1,0,0,3,Anomaly,Excessive vibration
2026-01-09 08:30:00,SITE_02,BLDG_04,ASSET_019,Pump,25.131,0.257,3.757,8.741,1,1,1,0,0,3,Anomaly,Abnormal pressure
2026-01-12 12:30:00,SITE_02,BLDG_04,ASSET_019,Pump,26.912,0.355,4.455,14.754,0,1,1,0,0,2,Watch,Multivariate abnormal behavior
2026-01-12 15:45:00,SITE_02,BLDG_04,ASSET_019,Pump,25.731,0.337,3.953,17.647,0,1,1,0,0,2,Watch,Multivariate abnormal behavior
2026-01-12 16:45:00,SITE_02,BLDG_04,ASSET_019,Pump,23.687,0.364,4.831,13.667,0,1,1,0,0,2,Watch,Multivariate abnormal behavior
2026-01-13 06:45:00,SITE_02,BLDG_04,ASSET_019,Pump,23.884,1.514,4.945,3.617,1,1,1,1,0,4,Critical,Excessive vibration
2026-01-13 10:45:00,SITE_02,BLDG_04,ASSET_019,Pump,26.408,0.387,4.487,13.023,1,1,1,0,0,3,Anomaly,Excessive vibration
2026-01-13 13:30:00,SITE_02,BLDG_04,ASSET_019,Pump,26.828,0.131,4.501,10.692,1,1,0,0,0,2,Watch,Excessive vibration
2026-01-14 11:00:00,SITE_02,BLDG_04,ASSET_019,Pump,26.387,0.386,4.674,14.23,1,1,1,0,0,3,Anomaly,Excessive vibration
2026-01-19 11:00:00,SITE_02,BLDG_04,ASSET_019,Pump,26.5,0.378,4.777,11.466,0,1,1,0,0,2,Watch,Multivariate abnormal behavior
2026-01-21 00:00:00,SITE_02,BLDG_04,ASSET_019,Pump,21.873,0.171,3.941,2.02,1,0,1,0,0,2,Watch,Abnormal pressure
2026-01-23 11:45:00,SITE_02,BLDG_04,ASSET_019,Pump,26.803,0.26,4.726,29.938,1,0,1,0,0,2,Watch,Sudden power deviation
2026-01-23 16:45:00,SITE_02,BLDG_04,ASSET_019,Pump,25.946,0.291,4.467,25.439,1,0,1,0,0,2,Watch,Sudden power deviation
2026-01-25 17:00:00,SITE_02,BLDG_04,ASSET_019,Pump,,1.06,4.52,13.423,1,1,1,0,0,3,Anomaly,Excessive vibration
2026-01-26 08:45:00,SITE_02,BLDG_04,ASSET_019,Pump,24.642,0.215,4.618,28.998,1,0,1,0,0,2,Watch,Sudden power deviation
2026-01-27 11:00:00,SITE_02,BLDG_04,ASSET_019,Pump,26.239,0.266,3.97,17.213,0,1,1,0,0,2,Watch,Multivariate abnormal behavior
2026-01-28 15:45:00,SITE_02,BLDG_04,ASSET_019,Pump,25.352,0.345,4.261,15.428,0,1,1,0,0,2,Watch,Multivariate abnormal behavior
2026-01-31 10:45:00,SITE_02,BLDG_04,ASSET_019,Pump,25.766,0.154,4.119,10.899,1,0,1,0,0,2,Watch,Excessive vibration
2026-02-01 16:15:00,SITE_02,BLDG_04,ASSET_019,Pump,25.088,0.264,3.916,8.806,1,0,1,0,0,2,Watch,Abnormal pressure
2026-02-09 13:45:00,SITE_02,BLDG_04,ASSET_019,Pump,26.072,0.313,4.644,28.969,1,0,1,0,0,2,Watch,Sudden power deviation
2026-02-10 08:30:00,SITE_02,BLDG_04,ASSET_019,Pump,25.009,0.334,3.891,12.86,1,1,1,0,0,3,Anomaly,Abnormal pressure
2026-02-10 14:45:00,SITE_02,BLDG_04,ASSET_019,Pump,26.293,0.331,3.948,14.175,1,0,1,0,0,2,Watch,Abnormal pressure
2026-02-11 10:45:00,SITE_02,BLDG_04,ASSET_019,Pump,26.351,0.354,4.482,25.771,1,0,1,0,0,2,Watch,Sudden power deviation
2026-02-11 12:45:00,SITE_02,BLDG_04,ASSET_019,Pump,27.398,0.46,4.359,14.062,1,1,1,0,0,3,Anomaly,Excessive vibration
2026-02-11 13:00:00,SITE_02,BLDG_04,ASSET_019,Pump,26.593,0.411,4.677,10.537,1,1,1,0,0,3,Anomaly,Excessive vibration
2026-02-11 13:30:00,SITE_02,BLDG_04,ASSET_019,Pump,26.72,0.442,4.6,14.113,1,0,1,0,0,2,Watch,Excessive vibration
2026-02-11 13:45:00,SITE_02,BLDG_04,ASSET_019,Pump,26.06,0.439,4.894,12.145,1,1,1,0,0,3,Anomaly,Excessive vibration
2026-02-11 14:00:00,SITE_02,BLDG_04,ASSET_019,Pump,26.082,0.506,4.587,11.659,1,0,1,0,0,2,Watch,Excessive vibration
2026-02-11 14:15:00,SITE_02,BLDG_04,ASSET_019,Pump,26.303,0.434,4.487,11.684,1,1,1,0,0,3,Anomaly,Excessive vibration
2026-02-11 14:45:00,SITE_02,BLDG_04,ASSET_019,Pump,26.288,0.428,4.526,10.674,1,0,1,0,0,2,Watch,Excessive vibration
2026-02-11 15:00:00,SITE_02,BLDG_04,ASSET_019,Pump,25.35,0.545,4.866,13.107,1,0,1,0,0,2,Watch,Excessive vibration
2026-02-11 15:15:00,SITE_02,BLDG_04,ASSET_019,Pump,25.328,0.365,5.0,13.887,0,1,1,0,0,2,Watch,Multivariate abnormal behavior
2026-02-11 15:30:00,SITE_02,BLDG_04,ASSET_019,Pump,26.516,0.604,4.725,13.632,1,1,1,0,0,3,Anomaly,Excessive vibration
2026-02-11 15:45:00,SITE_02,BLDG_04,ASSET_019,Pump,26.201,0.625,4.421,12.676,1,1,1,0,0,3,Anomaly,Excessive vibration
2026-02-11 16:00:00,SITE_02,BLDG_04,ASSET_019,Pump,24.891,0.579,4.533,11.949,1,0,1,0,0,2,Watch,Excessive vibration
2026-02-11 16:45:00,SITE_02,BLDG_04,ASSET_019,Pump,25.05,0.627,4.681,13.346,1,1,1,0,1,4,Critical,Excessive vibration
2026-02-11 17:00:00,SITE_02,BLDG_04,ASSET_019,Pump,24.605,0.73,4.4,13.182,1,1,1,0,1,4,Critical,Excessive vibration
2026-02-11 17:15:00,SITE_02,BLDG_04,ASSET_019,Pump,24.834,0.602,4.551,16.211,1,1,1,0,1,4,Critical,Excessive vibration
2026-02-11 17:30:00,SITE_02,BLDG_04,ASSET_019,Pump,24.484,0.57,4.454,9.159,1,0,1,0,1,3,Anomaly,Excessive vibration
2026-02-11 17:45:00,SITE_02,BLDG_04,ASSET_019,Pump,24.992,0.618,4.771,16.205,1,0,1,0,0,2,Watch,Excessive vibration
2026-02-11 18:00:00,SITE_02,BLDG_04,ASSET_019,Pump,23.491,0.638,4.882,10.357,1,1,1,1,0,4,Critical,Excessive vibration
2026-02-11 18:15:00,SITE_02,BLDG_04,ASSET_019,Pump,22.7,0.512,4.842,6.074,1,1,1,0,0,3,Anomaly,Excessive vibration
2026-02-11 18:30:00,SITE_02,BLDG_04,ASSET_019,Pump,22.83,0.652,4.446,11.095,1,1,1,0,0,3,Anomaly,Excessive vibration
2026-02-11 18:45:00,SITE_02,BLDG_04,ASSET_019,Pump,23.726,0.714,4.382,14.385,1,1,1,0,0,3,Anomaly,Excessive vibration
2026-02-11 19:00:00,SITE_02,BLDG_04,ASSET_019,Pump,22.429,0.86,4.871,2.398,1,1,1,1,0,4,Critical,Excessive vibration
2026-02-11 19:15:00,SITE_02,BLDG_04,ASSET_019,Pump,22.09,0.83,4.805,5.471,1,1,1,0,0,3,Anomaly,Excessive vibration
2026-02-11 19:30:00,SITE_02,BLDG_04,ASSET_019,Pump,23.369,0.838,4.624,5.18,1,1,1,1,0,4,Critical,Excessive vibration
2026-02-11 19:45:00,SITE_02,BLDG_04,ASSET_019,Pump,22.231,0.802,4.909,5.705,1,1,1,0,0,3,Anomaly,Excessive vibration
2026-02-11 20:00:00,SITE_02,BLDG_04,ASSET_019,Pump,21.538,0.839,4.912,0.525,1,1,1,0,0,3,Anomaly,Excessive vibration
2026-02-11 20:15:00,SITE_02,BLDG_04,ASSET_019,Pump,22.142,0.726,4.488,3.662,1,1,1,0,0,3,Anomaly,Excessive vibration
2026-02-11 20:30:00,SITE_02,BLDG_04,ASSET_019,Pump,22.297,0.82,4.858,5.374,1,1,1,0,0,3,Anomaly,Excessive vibration
2026-02-11 20:45:00,SITE_02,BLDG_04,ASSET_019,Pump,21.1,0.665,4.747,4.694,1,1,1,0,0,3,Anomaly,Excessive vibration
2026-02-11 21:00:00,SITE_02,BLDG_04,ASSET_019,Pump,21.143,0.764,5.177,3.986,1,1,1,0,0,3,Anomaly,Excessive vibration
2026-02-11 21:15:00,SITE_02,BLDG_04,ASSET_019,Pump,21.567,0.968,4.974,10.535,1,1,1,0,0,3,Anomaly,Excessive vibration
2026-02-11 21:30:00,SITE_02,BLDG_04,ASSET_019,Pump,21.174,0.909,4.701,4.304,1,1,1,0,0,3,Anomaly,Excessive vibration
2026-02-11 21:45:00,SITE_02,BLDG_04,ASSET_019,Pump,21.398,0.677,4.885,6.852,1,0,1,0,0,2,Watch,Excessive vibration
2026-02-11 22:00:00,SITE_02,BLDG_04,ASSET_019,Pump,21.389,0.883,4.898,5.48,1,1,1,0,0,3,Anomaly,Excessive vibration
2026-02-11 22:15:00,SITE_02,BLDG_04,ASSET_019,Pump,20.985,0.903,5.015,0.975,1,1,1,0,0,3,Anomaly,Excessive vibration
2026-02-11 22:30:00,SITE_02,BLDG_04,ASSET_019,Pump,21.33,0.987,4.554,3.55,1,0,1,1,0,3,Anomaly,Excessive vibration
2026-02-11 22:45:00,SITE_02,BLDG_04,ASSET_019,Pump,20.853,1.135,5.531,5.563,1,1,1,0,0,3,Anomaly,Excessive vibration
2026-02-15 18:00:00,SITE_02,BLDG_04,ASSET_019,Pump,23.17,0.922,4.416,11.192,1,0,1,0,0,2,Watch,Excessive vibration
2026-02-17 14:15:00,SITE_02,BLDG_04,ASSET_019,Pump,24.786,0.358,4.682,13.931,0,1,1,0,0,2,Watch,Multivariate abnormal behavior
2026-02-19 11:00:00,SITE_02,BLDG_04,ASSET_019,Pump,26.84,0.341,4.609,14.493,0,1,1,0,0,2,Watch,Multivariate abnormal behavior
2026-02-19 13:45:00,SITE_02,BLDG_04,ASSET_019,Pump,26.645,0.384,4.334,14.964,1,1,1,0,0,3,Anomaly,Excessive vibration
2026-02-25 12:00:00,SITE_02,BLDG_04,ASSET_019,Pump,26.058,0.253,3.782,6.921,1,0,1,0,0,2,Watch,Abnormal pressure
2026-03-07 06:00:00,SITE_02,BLDG_04,ASSET_019,Pump,23.629,0.384,4.569,12.149,1,0,1,0,0,2,Watch,Excessive vibration
2026-03-07 08:15:00,SITE_02,BLDG_04,ASSET_019,Pump,24.731,0.42,4.494,11.617,1,1,1,0,0,3,Anomaly,Excessive vibration
2026-03-07 08:30:00,SITE_02,BLDG_04,ASSET_019,Pump,25.33,0.468,4.221,11.152,1,1,1,0,0,3,Anomaly,Excessive vibration
2026-03-07 09:00:00,SITE_02,BLDG_04,ASSET_019,Pump,25.713,0.385,4.566,13.109,1,0,1,0,0,2,Watch,Excessive vibration
2026-03-07 09:15:00,SITE_02,BLDG_04,ASSET_019,Pump,26.021,0.488,4.267,7.997,1,0,1,0,0,2,Watch,Excessive vibration
2026-03-07 09:30:00,SITE_02,BLDG_04,ASSET_019,Pump,25.941,0.512,4.672,13.334,1,0,1,0,0,2,Watch,Excessive vibration
2026-03-07 09:45:00,SITE_02,BLDG_04,ASSET_019,Pump,25.575,0.596,4.816,12.0,1,1,1,0,0,3,Anomaly,Excessive vibration
2026-03-07 10:00:00,SITE_02,BLDG_04,ASSET_019,Pump,26.004,0.594,4.364,11.347,1,1,1,0,0,3,Anomaly,Excessive vibration
2026-03-07 10:15:00,SITE_02,BLDG_04,ASSET_019,Pump,26.98,0.59,4.644,9.024,1,1,1,0,1,4,Critical,Excessive vibration
2026-03-07 10:30:00,SITE_02,BLDG_04,ASSET_019,Pump,25.907,0.583,4.419,6.598,1,0,1,0,1,3,Anomaly,Excessive vibration
2026-03-07 10:45:00,SITE_02,BLDG_04,ASSET_019,Pump,26.45,0.593,5.147,5.694,1,1,1,0,1,4,Critical,Excessive vibration
2026-03-07 11:00:00,SITE_02,BLDG_04,ASSET_019,Pump,25.955,0.522,4.443,10.384,1,0,1,0,1,3,Anomaly,Excessive vibration
2026-03-07 11:15:00,SITE_02,BLDG_04,ASSET_019,Pump,26.315,0.731,4.857,6.709,1,1,1,0,0,3,Anomaly,Excessive vibration
2026-03-07 11:30:00,SITE_02,BLDG_04,ASSET_019,Pump,26.401,0.631,5.181,5.909,1,1,1,0,0,3,Anomaly,Excessive vibration
2026-03-07 11:45:00,SITE_02,BLDG_04,ASSET_019,Pump,27.177,0.677,5.245,10.543,1,1,1,0,0,3,Anomaly,Excessive vibration
2026-03-07 12:00:00,SITE_02,BLDG_04,ASSET_019,Pump,26.968,0.47,4.784,10.789,1,1,1,0,0,3,Anomaly,Excessive vibration
2026-03-07 12:15:00,SITE_02,BLDG_04,ASSET_019,Pump,26.737,0.71,4.87,9.613,1,0,1,0,0,2,Watch,Excessive vibration
2026-03-07 12:30:00,SITE_02,BLDG_04,ASSET_019,Pump,27.268,0.492,4.721,9.675,1,1,1,1,0,4,Critical,Excessive vibration
2026-03-07 12:45:00,SITE_02,BLDG_04,ASSET_019,Pump,25.594,0.617,4.501,9.871,1,1,1,0,0,3,Anomaly,Excessive vibration
2026-03-07 13:00:00,SITE_02,BLDG_04,ASSET_019,Pump,25.619,0.57,4.655,10.053,1,1,1,0,0,3,Anomaly,Excessive vibration
2026-03-07 13:15:00,SITE_02,BLDG_04,ASSET_019,Pump,26.658,0.615,4.713,9.408,1,1,1,0,0,3,Anomaly,Excessive vibration
2026-03-07 13:30:00,SITE_02,BLDG_04,ASSET_019,Pump,26.499,0.825,4.329,14.186,1,1,1,0,0,3,Anomaly,Excessive vibration
2026-03-07 13:45:00,SITE_02,BLDG_04,ASSET_019,Pump,27.233,0.678,5.168,11.858,1,1,1,0,0,3,Anomaly,Excessive vibration
2026-03-07 14:00:00,SITE_02,BLDG_04,ASSET_019,Pump,26.558,0.885,4.938,8.001,1,1,1,0,0,3,Anomaly,Excessive vibration
2026-03-07 14:15:00,SITE_02,BLDG_04,ASSET_019,Pump,26.528,0.746,4.595,10.849,1,1,1,0,0,3,Anomaly,Excessive vibration
2026-03-07 14:30:00,SITE_02,BLDG_04,ASSET_019,Pump,26.349,0.672,4.775,12.117,1,1,1,0,0,3,Anomaly,Excessive vibration
2026-03-07 14:45:00,SITE_02,BLDG_04,ASSET_019,Pump,25.941,0.664,4.781,6.363,1,1,1,0,0,3,Anomaly,Excessive vibration
2026-03-07 15:00:00,SITE_02,BLDG_04,ASSET_019,Pump,25.402,0.633,4.8,10.211,1,1,1,0,0,3,Anomaly,Excessive vibration
2026-03-07 15:15:00,SITE_02,BLDG_04,ASSET_019,Pump,25.74,0.67,4.465,13.012,1,1,1,1,0,4,Critical,Excessive vibration
2026-03-07 15:30:00,SITE_02,BLDG_04,ASSET_019,Pump,25.556,0.865,4.802,8.843,1,1,1,1,0,4,Critical,Excessive vibration
2026-03-07 16:00:00,SITE_02,BLDG_04,ASSET_019,Pump,25.179,0.873,4.727,9.313,1,1,1,1,0,4,Critical,Excessive vibration
2026-03-07 16:15:00,SITE_02,BLDG_04,ASSET_019,Pump,26.133,0.794,5.103,10.332,1,1,1,0,0,3,Anomaly,Excessive vibration
2026-03-07 16:30:00,SITE_02,BLDG_04,ASSET_019,Pump,24.957,0.727,5.068,8.294,1,1,1,0,0,3,Anomaly,Excessive vibration
2026-03-07 16:45:00,SITE_02,BLDG_04,ASSET_019,Pump,24.866,0.991,4.489,8.189,1,0,1,0,0,2,Watch,Excessive vibration
2026-03-07 17:00:00,SITE_02,BLDG_04,ASSET_019,Pump,24.403,0.723,4.777,10.609,1,1,1,0,0,3,Anomaly,Excessive vibration
2026-03-07 17:15:00,SITE_02,BLDG_04,ASSET_019,Pump,24.229,0.857,4.993,13.223,1,1,1,0,0,3,Anomaly,Excessive vibration
2026-03-07 17:30:00,SITE_02,BLDG_04,ASSET_019,Pump,24.292,0.783,4.645,8.851,1,1,1,0,0,3,Anomaly,Excessive vibration
2026-03-09 14:00:00,SITE_02,BLDG_04,ASSET_019,Pump,25.865,0.406,4.69,12.739,1,1,1,0,0,3,Anomaly,Excessive vibration
2026-03-10 11:45:00,SITE_02,BLDG_04,ASSET_019,Pump,26.262,0.269,4.771,31.943,1,0,1,0,0,2,Watch,Sudden power deviation
2026-03-10 17:00:00,SITE_02,BLDG_04,ASSET_019,Pump,24.324,0.3,4.232,25.146,1,0,1,0,0,2,Watch,Sudden power deviation
2026-03-12 12:30:00,SITE_02,BLDG_04,ASSET_019,Pump,26.362,0.182,4.394,33.149,1,1,1,0,0,3,Anomaly,Sudden power deviation
2026-03-13 08:30:00,SITE_02,BLDG_04,ASSET_019,Pump,25.682,0.396,4.291,14.244,1,0,1,0,0,2,Watch,Excessive vibration
2026-03-15 10:00:00,SITE_02,BLDG_04,ASSET_019,Pump,25.827,0.215,4.262,22.756,1,0,1,0,0,2,Watch,Sudden power deviation
2026-03-15 10:15:00,SITE_02,BLDG_04,ASSET_019,Pump,26.193,0.255,3.84,6.285,1,0,1,0,0,2,Watch,Abnormal pressure
2026-03-16 11:30:00,SITE_02,BLDG_04,ASSET_019,Pump,26.02,0.207,4.53,29.273,1,0,1,0,0,2,Watch,Sudden power deviation
2026-03-17 15:00:00,SITE_02,BLDG_04,ASSET_019,Pump,25.67,0.878,4.413,8.636,1,1,1,0,0,3,Anomaly,Excessive vibration
2026-03-20 13:00:00,SITE_02,BLDG_04,ASSET_019,Pump,27.185,0.257,3.921,9.918,1,0,1,0,0,2,Watch,Abnormal pressure
2026-03-21 17:30:00,SITE_02,BLDG_04,ASSET_019,Pump,24.2,0.806,4.208,4.966,1,1,1,0,0,3,Anomaly,Excessive vibration
2026-03-23 14:30:00,SITE_02,BLDG_04,ASSET_019,Pump,26.96,0.176,4.083,13.017,0,1,1,0,0,2,Watch,Multivariate abnormal behavior
2026-03-24 08:15:00,SITE_02,BLDG_04,ASSET_019,Pump,25.408,0.287,4.575,35.093,1,1,1,0,0,3,Anomaly,Sudden power deviation
2026-03-24 11:15:00,SITE_02,BLDG_04,ASSET_019,Pump,26.462,0.374,4.924,12.959,0,1,1,0,0,2,Watch,Multivariate abnormal behavior
2026-03-25 08:45:00,SITE_02,BLDG_04,ASSET_019,Pump,24.753,0.213,3.981,9.03,0,1,1,0,0,2,Watch,Multivariate abnormal behavior
2026-03-30 16:15:00,SITE_02,BLDG_04,ASSET_019,Pump,25.322,0.3,4.651,30.397,1,0,1,0,0,2,Watch,Sudden power deviation
2026-03-31 11:00:00,SITE_02,BLDG_04,ASSET_019,Pump,26.44,0.201,3.948,8.523,1,0,1,0,0,2,Watch,Abnormal pressure
2026-01-02 13:15:00,SITE_02,BLDG_04,ASSET_020,Energy Meter,26.383,0.253,0.909,105.998,1,1,1,0,0,3,Anomaly,Excessive vibration
2026-01-09 17:45:00,SITE_02,BLDG_04,ASSET_020,Energy Meter,23.612,0.095,0.931,305.365,1,1,1,1,0,4,Critical,Sudden power deviation
2026-01-17 00:30:00,SITE_02,BLDG_04,ASSET_020,Energy Meter,20.442,0.326,1.0,31.053,1,0,1,0,0,2,Watch,Excessive vibration
2026-01-19 16:00:00,SITE_02,BLDG_04,ASSET_020,Energy Meter,25.23,0.058,1.221,119.338,0,1,1,0,0,2,Watch,Multivariate abnormal behavior
2026-01-20 06:30:00,SITE_02,BLDG_04,ASSET_020,Energy Meter,22.199,0.501,1.137,38.728,1,0,1,0,0,2,Watch,Excessive vibration
2026-01-22 12:45:00,SITE_02,BLDG_04,ASSET_020,Energy Meter,25.987,0.462,1.028,105.001,1,1,1,0,0,3,Anomaly,Excessive vibration
2026-01-25 16:00:00,SITE_02,BLDG_04,ASSET_020,Energy Meter,24.535,0.02,1.046,67.038,1,0,1,0,0,2,Watch,Excessive vibration
2026-01-28 15:45:00,SITE_02,BLDG_04,ASSET_020,Energy Meter,26.123,0.065,1.09,124.428,0,1,1,0,0,2,Watch,Multivariate abnormal behavior
2026-01-29 09:30:00,SITE_02,BLDG_04,ASSET_020,Energy Meter,25.135,0.023,0.829,122.143,1,1,1,0,0,3,Anomaly,Excessive vibration
2026-01-29 16:00:00,SITE_02,BLDG_04,ASSET_020,Energy Meter,25.072,0.021,0.979,106.419,1,1,1,0,0,3,Anomaly,Excessive vibration
2026-01-30 13:45:00,SITE_02,BLDG_04,ASSET_020,Energy Meter,26.169,0.11,1.149,122.428,0,1,1,0,0,2,Watch,Multivariate abnormal behavior
2026-02-03 17:30:00,SITE_02,BLDG_04,ASSET_020,Energy Meter,24.227,0.026,1.05,110.798,1,0,1,0,0,2,Watch,Excessive vibration
2026-02-05 09:45:00,SITE_02,BLDG_04,ASSET_020,Energy Meter,24.681,0.019,1.003,112.028,1,0,1,0,0,2,Watch,Excessive vibration
2026-02-09 09:45:00,SITE_02,BLDG_04,ASSET_020,Energy Meter,25.665,0.043,1.021,123.642,0,1,1,0,0,2,Watch,Multivariate abnormal behavior
2026-02-17 17:45:00,SITE_02,BLDG_04,ASSET_020,Energy Meter,23.824,0.001,1.262,103.83,1,1,1,0,0,3,Anomaly,Excessive vibration
2026-02-19 18:15:00,SITE_02,BLDG_04,ASSET_020,Energy Meter,23.264,0.076,0.984,253.62,1,1,1,0,0,3,Anomaly,Sudden power deviation
2026-02-25 04:30:00,SITE_02,BLDG_04,ASSET_020,Energy Meter,21.127,0.222,1.085,39.979,1,0,1,0,0,2,Watch,Excessive vibration
2026-02-25 04:45:00,SITE_02,BLDG_04,ASSET_020,Energy Meter,21.817,0.218,1.038,37.791,1,0,1,0,0,2,Watch,Excessive vibration
2026-02-25 05:00:00,SITE_02,BLDG_04,ASSET_020,Energy Meter,22.745,0.244,0.949,42.062,1,0,1,0,0,2,Watch,Excessive vibration
2026-02-25 05:15:00,SITE_02,BLDG_04,ASSET_020,Energy Meter,22.394,0.208,0.991,39.548,1,0,1,0,0,2,Watch,Excessive vibration
2026-02-25 05:30:00,SITE_02,BLDG_04,ASSET_020,Energy Meter,22.238,0.182,0.996,37.992,1,0,0,0,1,2,Watch,Excessive vibration
2026-02-25 05:45:00,SITE_02,BLDG_04,ASSET_020,Energy Meter,22.791,0.222,0.993,38.927,1,0,1,0,0,2,Watch,Excessive vibration
2026-02-25 06:30:00,SITE_02,BLDG_04,ASSET_020,Energy Meter,23.811,0.21,0.793,45.881,1,0,1,0,0,2,Watch,Excessive vibration
2026-02-25 06:45:00,SITE_02,BLDG_04,ASSET_020,Energy Meter,23.925,0.27,0.957,41.489,1,0,1,0,0,2,Watch,Excessive vibration
2026-02-25 07:00:00,SITE_02,BLDG_04,ASSET_020,Energy Meter,24.398,0.23,0.948,41.221,1,0,1,0,0,2,Watch,Excessive vibration
2026-02-25 07:15:00,SITE_02,BLDG_04,ASSET_020,Energy Meter,23.859,0.311,0.924,75.93,1,0,1,0,0,2,Watch,Excessive vibration
2026-02-25 07:30:00,SITE_02,BLDG_04,ASSET_020,Energy Meter,23.194,0.363,1.05,41.674,1,0,1,0,0,2,Watch,Excessive vibration
2026-02-25 07:45:00,SITE_02,BLDG_04,ASSET_020,Energy Meter,24.499,0.286,1.039,48.038,1,0,1,0,1,3,Anomaly,Excessive vibration
2026-02-25 08:00:00,SITE_02,BLDG_04,ASSET_020,Energy Meter,25.048,0.26,0.9,101.056,1,0,1,0,0,2,Watch,Excessive vibration
2026-02-25 08:15:00,SITE_02,BLDG_04,ASSET_020,Energy Meter,24.861,0.438,1.038,131.448,1,1,1,0,0,3,Anomaly,Excessive vibration
2026-02-25 08:30:00,SITE_02,BLDG_04,ASSET_020,Energy Meter,23.813,0.395,1.024,106.658,1,1,1,0,0,3,Anomaly,Excessive vibration
2026-02-25 08:45:00,SITE_02,BLDG_04,ASSET_020,Energy Meter,24.643,0.379,1.108,112.756,1,1,1,0,0,3,Anomaly,Excessive vibration
2026-02-25 09:00:00,SITE_02,BLDG_04,ASSET_020,Energy Meter,25.042,0.287,0.881,139.749,1,1,1,0,0,3,Anomaly,Excessive vibration
2026-02-25 09:15:00,SITE_02,BLDG_04,ASSET_020,Energy Meter,25.863,0.349,0.923,128.324,1,1,1,0,0,3,Anomaly,Excessive vibration
2026-02-25 09:30:00,SITE_02,BLDG_04,ASSET_020,Energy Meter,26.045,0.301,1.09,127.284,1,1,1,0,0,3,Anomaly,Excessive vibration
2026-02-25 09:45:00,SITE_02,BLDG_04,ASSET_020,Energy Meter,25.141,0.457,1.168,126.151,1,1,1,0,0,3,Anomaly,Excessive vibration
2026-02-25 10:00:00,SITE_02,BLDG_04,ASSET_020,Energy Meter,25.368,0.464,1.172,116.864,1,1,1,0,0,3,Anomaly,Excessive vibration
2026-02-25 10:15:00,SITE_02,BLDG_04,ASSET_020,Energy Meter,25.651,0.297,1.037,135.828,1,1,1,0,0,3,Anomaly,Excessive vibration
2026-02-25 10:30:00,SITE_02,BLDG_04,ASSET_020,Energy Meter,25.463,0.43,1.107,116.372,1,1,1,0,0,3,Anomaly,Excessive vibration
2026-02-25 10:45:00,SITE_02,BLDG_04,ASSET_020,Energy Meter,25.663,0.295,0.843,133.905,1,1,1,0,0,3,Anomaly,Excessive vibration
2026-02-25 11:00:00,SITE_02,BLDG_04,ASSET_020,Energy Meter,26.376,0.365,0.898,143.358,1,1,1,0,0,3,Anomaly,Excessive vibration
2026-02-25 11:15:00,SITE_02,BLDG_04,ASSET_020,Energy Meter,26.45,0.289,1.035,124.591,1,1,1,0,0,3,Anomaly,Excessive vibration
2026-02-25 11:30:00,SITE_02,BLDG_04,ASSET_020,Energy Meter,25.721,0.23,0.874,152.919,1,1,1,0,0,3,Anomaly,Excessive vibration
2026-02-25 11:45:00,SITE_02,BLDG_04,ASSET_020,Energy Meter,25.953,0.445,0.952,120.939,1,1,1,0,0,3,Anomaly,Excessive vibration
2026-02-25 12:00:00,SITE_02,BLDG_04,ASSET_020,Energy Meter,26.253,0.49,0.902,126.493,1,1,1,0,0,3,Anomaly,Excessive vibration
2026-02-25 12:15:00,SITE_02,BLDG_04,ASSET_020,Energy Meter,25.813,0.418,0.829,125.248,1,1,1,0,0,3,Anomaly,Excessive vibration
2026-02-25 15:00:00,SITE_02,BLDG_04,ASSET_020,Energy Meter,24.693,0.025,0.879,111.4,1,1,0,0,0,2,Watch,Excessive vibration
2026-02-27 10:00:00,SITE_02,BLDG_04,ASSET_020,Energy Meter,27.071,0.333,1.201,128.672,1,1,1,1,0,4,Critical,Excessive vibration
2026-02-28 19:15:00,SITE_02,BLDG_04,ASSET_020,Energy Meter,22.185,0.097,0.7,57.843,1,0,1,0,0,2,Watch,Abnormal pressure
2026-03-04 09:15:00,SITE_02,BLDG_04,ASSET_020,Energy Meter,25.182,0.091,1.025,225.873,1,0,1,0,0,2,Watch,Sudden power deviation
2026-03-06 14:30:00,SITE_02,BLDG_04,ASSET_020,Energy Meter,27.689,0.108,1.08,126.528,0,1,1,0,0,2,Watch,Multivariate abnormal behavior
2026-03-08 03:45:00,SITE_02,BLDG_04,ASSET_020,Energy Meter,20.883,0.495,0.904,31.653,1,0,1,0,0,2,Watch,Excessive vibration
2026-03-09 16:15:00,SITE_02,BLDG_04,ASSET_020,Energy Meter,25.039,0.102,1.106,204.729,1,1,1,0,0,3,Anomaly,Sudden power deviation
2026-03-16 16:30:00,SITE_02,BLDG_04,ASSET_020,Energy Meter,24.827,0.115,0.725,103.879,1,1,0,0,0,2,Watch,Abnormal pressure
2026-03-17 14:00:00,SITE_02,BLDG_04,ASSET_020,Energy Meter,25.722,0.045,1.27,108.608,1,1,1,0,0,3,Anomaly,Abnormal pressure
2026-03-17 15:45:00,SITE_02,BLDG_04,ASSET_020,Energy Meter,24.884,0.044,1.224,122.7,0,1,1,0,0,2,Watch,Multivariate abnormal behavior
2026-03-26 08:30:00,SITE_02,BLDG_04,ASSET_020,Energy Meter,24.983,0.026,1.012,102.526,1,0,1,0,0,2,Watch,Excessive vibration
2026-03-29 04:00:00,SITE_02,BLDG_04,ASSET_020,Energy Meter,21.597,0.254,0.979,33.974,1,0,1,0,0,2,Watch,Excessive vibration
2026-03-29 04:15:00,SITE_02,BLDG_04,ASSET_020,Energy Meter,22.513,0.264,0.85,36.766,1,0,1,0,0,2,Watch,Excessive vibration
2026-03-29 04:30:00,SITE_02,BLDG_04,ASSET_020,Energy Meter,22.06,0.209,0.852,37.711,1,0,1,0,1,3,Anomaly,Excessive vibration
2026-03-29 04:45:00,SITE_02,BLDG_04,ASSET_020,Energy Meter,21.501,0.197,0.982,60.79,1,0,0,0,1,2,Watch,Excessive vibration
2026-03-29 05:00:00,SITE_02,BLDG_04,ASSET_020,Energy Meter,22.442,0.213,0.974,39.289,1,0,1,0,1,3,Anomaly,Excessive vibration
2026-03-29 05:15:00,SITE_02,BLDG_04,ASSET_020,Energy Meter,22.394,0.255,0.961,38.151,1,0,1,0,0,2,Watch,Excessive vibration
2026-03-29 05:45:00,SITE_02,BLDG_04,ASSET_020,Energy Meter,22.48,0.176,0.959,41.932,1,0,1,0,0,2,Watch,Excessive vibration
2026-03-29 06:00:00,SITE_02,BLDG_04,ASSET_020,Energy Meter,23.314,0.197,1.012,41.118,1,0,1,0,0,2,Watch,Excessive vibration
2026-03-29 06:30:00,SITE_02,BLDG_04,ASSET_020,Energy Meter,23.231,0.306,0.92,41.07,1,0,1,0,0,2,Watch,Excessive vibration
2026-03-29 06:45:00,SITE_02,BLDG_04,ASSET_020,Energy Meter,23.667,0.324,0.973,38.825,1,0,1,0,0,2,Watch,Excessive vibration
2026-03-29 07:00:00,SITE_02,BLDG_04,ASSET_020,Energy Meter,25.03,0.296,0.929,49.093,1,0,1,0,0,2,Watch,Excessive vibration
2026-03-29 07:15:00,SITE_02,BLDG_04,ASSET_020,Energy Meter,23.711,0.216,1.023,42.686,1,0,1,0,0,2,Watch,Excessive vibration
2026-03-29 07:30:00,SITE_02,BLDG_04,ASSET_020,Energy Meter,23.974,0.243,0.952,74.813,1,0,1,0,0,2,Watch,Excessive vibration
2026-03-29 07:45:00,SITE_02,BLDG_04,ASSET_020,Energy Meter,24.219,0.286,0.987,38.248,1,0,1,0,0,2,Watch,Excessive vibration
2026-03-29 08:15:00,SITE_02,BLDG_04,ASSET_020,Energy Meter,25.319,0.402,0.999,81.287,1,1,1,0,0,3,Anomaly,Excessive vibration
2026-03-29 08:30:00,SITE_02,BLDG_04,ASSET_020,Energy Meter,24.236,0.292,1.111,72.762,1,0,1,0,0,2,Watch,Excessive vibration
2026-03-29 08:45:00,SITE_02,BLDG_04,ASSET_020,Energy Meter,23.976,0.37,0.934,71.059,1,0,1,0,0,2,Watch,Excessive vibration
2026-03-29 09:15:00,SITE_02,BLDG_04,ASSET_020,Energy Meter,24.953,1.532,1.099,79.663,1,1,1,1,0,4,Critical,Excessive vibration
2026-03-29 09:30:00,SITE_02,BLDG_04,ASSET_020,Energy Meter,25.968,0.434,0.9,90.668,1,1,1,0,0,3,Anomaly,Excessive vibration
2026-03-29 09:45:00,SITE_02,BLDG_04,ASSET_020,Energy Meter,24.858,0.34,1.048,86.501,1,0,1,0,1,3,Anomaly,Excessive vibration
2026-03-29 10:00:00,SITE_02,BLDG_04,ASSET_020,Energy Meter,24.995,0.312,0.958,81.653,1,0,1,0,0,2,Watch,Excessive vibration
2026-03-29 10:15:00,SITE_02,BLDG_04,ASSET_020,Energy Meter,26.141,0.356,1.021,83.291,1,1,1,1,0,4,Critical,Excessive vibration
2026-03-29 10:30:00,SITE_02,BLDG_04,ASSET_020,Energy Meter,25.851,0.45,0.899,91.577,1,1,1,0,0,3,Anomaly,Excessive vibration
2026-03-29 10:45:00,SITE_02,BLDG_04,ASSET_020,Energy Meter,25.489,0.353,0.901,81.777,1,0,1,0,0,2,Watch,Excessive vibration
2026-03-29 11:00:00,SITE_02,BLDG_04,ASSET_020,Energy Meter,26.363,0.44,0.948,94.269,1,1,1,0,0,3,Anomaly,Excessive vibration
2026-03-29 11:15:00,SITE_02,BLDG_04,ASSET_020,Energy Meter,25.316,0.312,0.897,90.215,1,0,1,0,0,2,Watch,Excessive vibration
2026-03-29 11:30:00,SITE_02,BLDG_04,ASSET_020,Energy Meter,26.529,0.474,1.073,94.681,1,1,0,0,0,2,Watch,Excessive vibration
2026-03-29 11:45:00,SITE_02,BLDG_04,ASSET_020,Energy Meter,25.027,0.433,1.014,90.116,1,1,0,0,0,2,Watch,Excessive vibration
2026-03-29 12:00:00,SITE_02,BLDG_04,ASSET_020,Energy Meter,26.046,0.412,1.05,84.477,1,1,0,0,0,2,Watch,Excessive vibration
2026-03-30 15:15:00,SITE_02,BLDG_04,ASSET_020,Energy Meter,25.927,0.011,1.169,108.983,1,0,1,0,0,2,Watch,Excessive vibration
2026-01-02 10:00:00,SITE_03,BLDG_05,ASSET_021,Chiller,24.283,0.148,1.72,90.474,1,0,1,0,0,2,Watch,Abnormal pressure
2026-01-03 08:45:00,SITE_03,BLDG_05,ASSET_021,Chiller,22.888,0.1,1.459,39.872,1,0,1,0,0,2,Watch,Excessive vibration
2026-01-06 14:00:00,SITE_03,BLDG_05,ASSET_021,Chiller,24.469,0.713,1.509,91.099,1,1,1,0,0,3,Anomaly,Excessive vibration
2026-01-08 13:15:00,SITE_03,BLDG_05,ASSET_021,Chiller,25.468,0.083,1.53,83.469,1,0,1,0,0,2,Watch,Excessive vibration
2026-01-14 23:00:00,SITE_03,BLDG_05,ASSET_021,Chiller,18.468,0.281,,5.242,1,0,1,0,0,2,Watch,Excessive vibration
2026-01-18 17:30:00,SITE_03,BLDG_05,ASSET_021,Chiller,22.998,0.095,1.479,46.199,1,0,1,0,0,2,Watch,Excessive vibration
2026-01-20 11:00:00,SITE_03,BLDG_05,ASSET_021,Chiller,25.861,,1.673,101.037,0,1,1,0,0,2,Watch,Multivariate abnormal behavior
2026-01-21 06:15:00,SITE_03,BLDG_05,ASSET_021,Chiller,22.318,0.238,1.264,41.453,1,0,1,0,0,2,Watch,Abnormal pressure
2026-01-21 14:15:00,SITE_03,BLDG_05,ASSET_021,Chiller,23.994,0.272,1.313,77.478,1,1,0,0,0,2,Watch,Excessive vibration
2026-01-23 11:45:00,SITE_03,BLDG_05,ASSET_021,Chiller,24.673,0.582,1.418,70.957,1,1,0,0,0,2,Watch,Excessive vibration
2026-01-24 19:00:00,SITE_03,BLDG_05,ASSET_021,Chiller,21.261,1.235,1.512,44.071,1,0,1,0,0,2,Watch,Excessive vibration
2026-01-26 08:00:00,SITE_03,BLDG_05,ASSET_021,Chiller,24.103,0.275,1.455,91.42,1,1,0,0,0,2,Watch,Excessive vibration
2026-01-28 20:00:00,SITE_03,BLDG_05,ASSET_021,Chiller,19.817,0.196,1.723,45.128,1,0,1,0,0,2,Watch,Abnormal pressure
2026-01-29 16:00:00,SITE_03,BLDG_05,ASSET_021,Chiller,23.981,0.144,1.759,81.442,1,0,1,0,0,2,Watch,Abnormal pressure
2026-02-01 08:45:00,SITE_03,BLDG_05,ASSET_021,Chiller,23.228,0.184,1.738,46.071,1,0,1,0,0,2,Watch,Abnormal pressure
2026-02-05 12:45:00,SITE_03,BLDG_05,ASSET_021,Chiller,26.143,0.272,1.5,106.112,1,1,0,0,0,2,Watch,Excessive vibration
2026-02-05 16:45:00,SITE_03,BLDG_05,ASSET_021,Chiller,23.615,0.177,1.565,218.583,1,1,1,0,0,3,Anomaly,Sudden power deviation
2026-02-11 22:00:00,SITE_03,BLDG_05,ASSET_021,Chiller,19.38,0.807,1.525,9.123,1,1,1,0,0,3,Anomaly,Excessive vibration
2026-02-19 08:30:00,SITE_03,BLDG_05,ASSET_021,Chiller,23.916,0.167,1.283,93.971,1,1,0,0,0,2,Watch,Abnormal pressure
2026-02-23 14:00:00,SITE_03,BLDG_05,ASSET_021,Chiller,24.412,0.091,1.369,101.287,1,1,0,0,0,2,Watch,Excessive vibration
2026-02-26 12:15:00,SITE_03,BLDG_05,ASSET_021,Chiller,25.716,0.144,1.739,101.659,1,1,0,0,0,2,Watch,Abnormal pressure
2026-02-28 04:00:00,SITE_03,BLDG_05,ASSET_021,Chiller,20.235,0.404,1.549,8.067,1,0,1,0,0,2,Watch,Excessive vibration
2026-02-28 05:30:00,SITE_03,BLDG_05,ASSET_021,Chiller,22.975,0.423,1.586,7.154,1,0,1,0,0,2,Watch,Excessive vibration
2026-02-28 06:00:00,SITE_03,BLDG_05,ASSET_021,Chiller,23.635,0.462,1.596,8.98,1,0,1,1,0,3,Anomaly,Excessive vibration
2026-02-28 06:15:00,SITE_03,BLDG_05,ASSET_021,Chiller,23.268,0.482,1.608,11.062,1,0,1,0,0,2,Watch,Excessive vibration
2026-02-28 06:30:00,SITE_03,BLDG_05,ASSET_021,Chiller,22.364,0.485,1.587,9.494,1,0,1,0,1,3,Anomaly,Excessive vibration
2026-02-28 06:45:00,SITE_03,BLDG_05,ASSET_021,Chiller,23.632,0.481,1.585,13.762,1,0,1,1,1,4,Critical,Excessive vibration
2026-02-28 07:00:00,SITE_03,BLDG_05,ASSET_021,Chiller,24.681,0.422,1.617,11.236,1,0,0,0,1,2,Watch,Excessive vibration
2026-02-28 07:15:00,SITE_03,BLDG_05,ASSET_021,Chiller,23.344,0.362,1.568,50.212,1,1,0,0,0,2,Watch,Excessive vibration
2026-02-28 07:30:00,SITE_03,BLDG_05,ASSET_021,Chiller,25.219,0.455,1.607,9.605,1,0,1,0,0,2,Watch,Excessive vibration
2026-02-28 07:45:00,SITE_03,BLDG_05,ASSET_021,Chiller,25.365,0.464,1.587,14.059,1,0,1,0,0,2,Watch,Excessive vibration
2026-02-28 08:00:00,SITE_03,BLDG_05,ASSET_021,Chiller,25.551,0.544,1.586,55.229,1,1,0,0,0,2,Watch,Excessive vibration
2026-02-28 08:15:00,SITE_03,BLDG_05,ASSET_021,Chiller,25.999,0.403,1.673,52.613,1,1,0,0,0,2,Watch,Excessive vibration
2026-02-28 08:30:00,SITE_03,BLDG_05,ASSET_021,Chiller,25.532,0.452,1.477,54.691,1,1,0,0,0,2,Watch,Excessive vibration
2026-02-28 08:45:00,SITE_03,BLDG_05,ASSET_021,Chiller,25.994,0.607,1.526,59.729,1,1,0,0,0,2,Watch,Excessive vibration
2026-02-28 09:00:00,SITE_03,BLDG_05,ASSET_021,Chiller,25.788,0.369,1.533,59.787,1,1,0,0,0,2,Watch,Excessive vibration
2026-02-28 09:15:00,SITE_03,BLDG_05,ASSET_021,Chiller,27.119,0.509,1.7,64.206,1,1,0,0,0,2,Watch,Excessive vibration
2026-02-28 09:45:00,SITE_03,BLDG_05,ASSET_021,Chiller,26.92,0.764,1.583,60.403,1,1,0,0,0,2,Watch,Excessive vibration
2026-02-28 10:00:00,SITE_03,BLDG_05,ASSET_021,Chiller,26.774,0.673,1.608,60.498,1,1,0,0,0,2,Watch,Excessive vibration
2026-02-28 10:15:00,SITE_03,BLDG_05,ASSET_021,Chiller,,0.615,1.588,65.021,1,1,0,0,0,2,Watch,Excessive vibration
2026-02-28 10:45:00,SITE_03,BLDG_05,ASSET_021,Chiller,26.755,0.581,1.556,65.356,1,1,0,0,1,3,Anomaly,Excessive vibration
2026-02-28 11:00:00,SITE_03,BLDG_05,ASSET_021,Chiller,27.256,0.588,1.783,69.012,1,1,1,0,0,3,Anomaly,Excessive vibration
2026-02-28 11:15:00,SITE_03,BLDG_05,ASSET_021,Chiller,,0.742,1.61,64.568,1,1,0,0,0,2,Watch,Excessive vibration
2026-02-28 11:30:00,SITE_03,BLDG_05,ASSET_021,Chiller,27.688,0.671,1.681,61.88,1,1,0,1,0,3,Anomaly,Excessive vibration
2026-02-28 11:45:00,SITE_03,BLDG_05,ASSET_021,Chiller,26.684,0.562,1.5,73.457,1,1,0,0,0,2,Watch,Excessive vibration
2026-02-28 12:00:00,SITE_03,BLDG_05,ASSET_021,Chiller,28.557,0.56,1.875,65.644,1,1,1,0,0,3,Anomaly,Excessive vibration
2026-02-28 12:15:00,SITE_03,BLDG_05,ASSET_021,Chiller,27.948,0.674,1.511,63.351,1,1,0,0,0,2,Watch,Excessive vibration
2026-02-28 12:45:00,SITE_03,BLDG_05,ASSET_021,Chiller,25.03,0.176,1.668,54.806,0,1,1,0,0,2,Watch,Multivariate abnormal behavior
2026-03-04 14:45:00,SITE_03,BLDG_05,ASSET_021,Chiller,24.437,0.713,1.578,74.659,1,1,0,0,0,2,Watch,Excessive vibration
2026-03-16 17:15:00,SITE_03,BLDG_05,ASSET_021,Chiller,23.423,0.193,1.477,265.134,1,1,1,1,0,4,Critical,Sudden power deviation
2026-03-19 17:00:00,SITE_03,BLDG_05,ASSET_021,Chiller,22.613,0.271,1.509,86.216,1,1,0,0,0,2,Watch,Excessive vibration
2026-03-24 11:15:00,SITE_03,BLDG_05,ASSET_021,Chiller,25.588,0.176,1.48,212.351,1,1,1,0,0,3,Anomaly,Sudden power deviation
2026-03-24 23:15:00,SITE_03,BLDG_05,ASSET_021,Chiller,20.041,0.196,1.754,42.492,1,0,1,0,0,2,Watch,Abnormal pressure
2026-03-27 00:15:00,SITE_03,BLDG_05,ASSET_021,Chiller,19.738,0.217,1.762,49.532,1,0,1,0,0,2,Watch,Abnormal pressure
2026-03-28 12:30:00,SITE_03,BLDG_05,ASSET_021,Chiller,25.227,1.031,1.598,55.462,1,1,1,0,0,3,Anomaly,Excessive vibration
2026-01-07 15:00:00,SITE_03,BLDG_05,ASSET_022,AHU,25.577,0.097,0.839,53.694,1,0,1,0,0,2,Watch,Sudden power deviation
2026-01-11 12:15:00,SITE_03,BLDG_05,ASSET_022,AHU,27.651,0.193,0.964,11.991,1,0,1,0,0,2,Watch,Excessive vibration
2026-01-11 13:00:00,SITE_03,BLDG_05,ASSET_022,AHU,27.983,0.183,1.004,15.614,1,0,1,0,0,2,Watch,Excessive vibration
2026-01-11 13:30:00,SITE_03,BLDG_05,ASSET_022,AHU,26.681,0.267,0.888,14.998,1,0,1,0,0,2,Watch,Excessive vibration
2026-01-11 15:15:00,SITE_03,BLDG_05,ASSET_022,AHU,26.079,0.231,0.866,12.855,1,0,1,0,0,2,Watch,Excessive vibration
2026-01-11 16:30:00,SITE_03,BLDG_05,ASSET_022,AHU,26.311,0.377,1.191,21.314,1,0,1,0,1,3,Anomaly,Excessive vibration
2026-01-11 16:45:00,SITE_03,BLDG_05,ASSET_022,AHU,27.07,0.352,0.968,19.484,1,0,0,0,1,2,Watch,Excessive vibration
2026-01-11 17:00:00,SITE_03,BLDG_05,ASSET_022,AHU,26.068,0.316,1.028,15.591,1,0,1,0,0,2,Watch,Excessive vibration
2026-01-11 17:45:00,SITE_03,BLDG_05,ASSET_022,AHU,25.232,0.435,1.016,17.155,1,0,1,0,0,2,Watch,Excessive vibration
2026-01-11 19:30:00,SITE_03,BLDG_05,ASSET_022,AHU,24.476,0.472,0.954,12.847,1,0,1,0,0,2,Watch,Excessive vibration
2026-01-11 20:45:00,SITE_03,BLDG_05,ASSET_022,AHU,23.134,0.541,1.059,14.637,1,0,1,0,0,2,Watch,Excessive vibration
2026-01-18 01:45:00,SITE_03,BLDG_05,ASSET_022,AHU,20.466,0.545,0.953,12.678,1,0,1,0,0,2,Watch,Excessive vibration
2026-01-26 11:00:00,SITE_03,BLDG_05,ASSET_022,AHU,26.531,0.361,1.091,29.084,1,1,1,0,0,3,Anomaly,Excessive vibration
2026-01-27 05:30:00,SITE_03,BLDG_05,ASSET_022,AHU,24.433,0.458,1.16,10.677,1,0,1,0,0,2,Watch,Excessive vibration
2026-01-27 06:15:00,SITE_03,BLDG_05,ASSET_022,AHU,24.606,0.526,0.847,13.825,1,0,1,0,0,2,Watch,Excessive vibration
2026-02-01 10:15:00,SITE_03,BLDG_05,ASSET_022,AHU,26.853,0.036,0.732,13.239,1,0,1,0,0,2,Watch,Abnormal pressure
2026-03-11 04:15:00,SITE_03,BLDG_05,ASSET_022,AHU,22.345,0.484,0.961,12.827,1,0,1,0,0,2,Watch,Excessive vibration
2026-03-11 12:30:00,SITE_03,BLDG_05,ASSET_022,AHU,26.848,0.383,1.015,24.764,1,0,1,0,0,2,Watch,Excessive vibration
2026-03-11 12:45:00,SITE_03,BLDG_05,ASSET_022,AHU,26.393,0.479,1.036,23.552,1,0,1,1,0,3,Anomaly,Excessive vibration
2026-03-20 16:30:00,SITE_03,BLDG_05,ASSET_022,AHU,24.889,0.189,0.955,24.072,1,0,0,0,1,2,Watch,Excessive vibration
2026-03-20 16:45:00,SITE_03,BLDG_05,ASSET_022,AHU,25.394,0.186,1.189,22.778,1,0,0,0,1,2,Watch,Excessive vibration
2026-03-20 17:00:00,SITE_03,BLDG_05,ASSET_022,AHU,25.14,0.172,1.102,23.84,1,0,0,0,1,2,Watch,Excessive vibration
2026-03-20 17:45:00,SITE_03,BLDG_05,ASSET_022,AHU,25.519,0.245,1.053,21.806,1,0,1,0,0,2,Watch,Excessive vibration
2026-03-20 18:15:00,SITE_03,BLDG_05,ASSET_022,AHU,24.524,0.245,1.001,36.37,1,0,1,0,0,2,Watch,Excessive vibration
2026-03-20 18:30:00,SITE_03,BLDG_05,ASSET_022,AHU,24.965,0.277,1.063,30.912,1,0,1,0,1,3,Anomaly,Excessive vibration
2026-03-20 19:15:00,SITE_03,BLDG_05,ASSET_022,AHU,23.608,0.211,1.015,14.933,1,0,0,0,1,2,Watch,Excessive vibration
2026-03-20 23:15:00,SITE_03,BLDG_05,ASSET_022,AHU,21.179,0.439,0.995,11.822,1,0,1,0,0,2,Watch,Excessive vibration
2026-03-20 23:45:00,SITE_03,BLDG_05,ASSET_022,AHU,22.04,0.468,1.072,12.211,1,0,1,0,0,2,Watch,Excessive vibration
2026-03-21 00:00:00,SITE_03,BLDG_05,ASSET_022,AHU,21.661,0.454,,13.988,1,0,1,0,0,2,Watch,Excessive vibration
2026-03-21 00:45:00,SITE_03,BLDG_05,ASSET_022,AHU,21.823,0.494,0.877,10.133,1,0,1,0,0,2,Watch,Excessive vibration
2026-01-04 17:45:00,SITE_03,BLDG_05,ASSET_023,AHU,24.161,0.464,0.955,11.409,1,0,1,0,0,2,Watch,Excessive vibration
2026-01-14 13:00:00,SITE_03,BLDG_05,ASSET_023,AHU,26.714,0.331,1.043,29.077,1,0,1,0,0,2,Watch,Excessive vibration
2026-01-31 22:30:00,SITE_03,BLDG_05,ASSET_023,AHU,22.351,0.509,0.868,13.315,1,0,1,1,0,3,Anomaly,Excessive vibration
2026-02-10 18:00:00,SITE_03,BLDG_05,ASSET_023,AHU,24.626,0.301,0.998,26.46,1,0,0,0,1,2,Watch,Excessive vibration
2026-02-10 18:15:00,SITE_03,BLDG_05,ASSET_023,AHU,24.313,0.164,0.982,31.578,1,0,0,0,1,2,Watch,Excessive vibration
2026-02-10 18:30:00,SITE_03,BLDG_05,ASSET_023,AHU,24.376,0.199,0.943,30.11,1,0,0,0,1,2,Watch,Excessive vibration
2026-02-10 21:15:00,SITE_03,BLDG_05,ASSET_023,AHU,22.626,0.356,1.083,12.753,1,0,0,0,1,2,Watch,Excessive vibration
2026-02-10 23:15:00,SITE_03,BLDG_05,ASSET_023,AHU,22.347,0.467,1.023,19.377,1,0,1,1,0,3,Anomaly,Excessive vibration
2026-02-11 00:30:00,SITE_03,BLDG_05,ASSET_023,AHU,21.349,0.513,1.035,14.295,1,0,1,0,0,2,Watch,Excessive vibration
2026-02-11 00:45:00,SITE_03,BLDG_05,ASSET_023,AHU,21.435,0.517,1.016,13.478,1,0,1,0,0,2,Watch,Excessive vibration
2026-02-11 01:00:00,SITE_03,BLDG_05,ASSET_023,AHU,22.129,0.511,1.035,10.95,1,0,1,0,0,2,Watch,Excessive vibration
2026-02-20 22:00:00,SITE_03,BLDG_05,ASSET_023,AHU,22.169,0.149,1.076,14.034,1,0,0,0,1,2,Watch,Excessive vibration
2026-02-20 23:30:00,SITE_03,BLDG_05,ASSET_023,AHU,22.338,0.165,1.072,19.3,1,0,0,0,1,2,Watch,Excessive vibration
2026-02-21 00:45:00,SITE_03,BLDG_05,ASSET_023,AHU,21.761,0.177,0.91,15.568,1,0,0,0,1,2,Watch,Excessive vibration
2026-02-21 03:00:00,SITE_03,BLDG_05,ASSET_023,AHU,22.22,0.315,0.768,10.66,1,0,0,0,1,2,Watch,Excessive vibration
2026-02-21 04:30:00,SITE_03,BLDG_05,ASSET_023,AHU,24.354,0.358,0.968,12.842,1,0,1,0,0,2,Watch,Excessive vibration
2026-02-21 05:15:00,SITE_03,BLDG_05,ASSET_023,AHU,22.989,0.499,1.111,15.224,1,0,1,0,0,2,Watch,Excessive vibration
2026-02-21 05:30:00,SITE_03,BLDG_05,ASSET_023,AHU,24.574,0.388,0.749,9.825,1,0,1,0,0,2,Watch,Excessive vibration
2026-02-21 05:45:00,SITE_03,BLDG_05,ASSET_023,AHU,23.342,0.516,0.972,10.465,1,0,1,0,0,2,Watch,Excessive vibration
2026-02-21 06:00:00,SITE_03,BLDG_05,ASSET_023,AHU,25.559,0.443,1.01,14.61,1,1,1,0,0,3,Anomaly,Excessive vibration
2026-02-21 06:15:00,SITE_03,BLDG_05,ASSET_023,AHU,25.108,0.337,0.666,15.26,1,1,0,0,0,2,Watch,Excessive vibration
2026-02-21 06:30:00,SITE_03,BLDG_05,ASSET_023,AHU,25.102,0.411,1.09,10.391,1,0,1,0,0,2,Watch,Excessive vibration
2026-02-21 06:45:00,SITE_03,BLDG_05,ASSET_023,AHU,24.753,0.378,1.025,12.036,1,0,1,0,0,2,Watch,Excessive vibration
2026-02-21 07:15:00,SITE_03,BLDG_05,ASSET_023,AHU,24.713,0.496,0.938,13.283,1,1,1,0,0,3,Anomaly,Excessive vibration
2026-03-17 21:15:00,SITE_03,BLDG_05,ASSET_023,AHU,21.19,0.403,0.875,13.971,1,0,1,0,0,2,Watch,Excessive vibration
2026-03-18 01:45:00,SITE_03,BLDG_05,ASSET_023,AHU,21.314,0.487,1.079,12.158,1,0,1,1,0,3,Anomaly,Excessive vibration
2026-03-27 17:15:00,SITE_03,BLDG_05,ASSET_023,AHU,24.848,0.085,0.716,56.72,1,0,1,0,0,2,Watch,Sudden power deviation
2026-01-02 03:45:00,SITE_03,BLDG_05,ASSET_024,Pump,20.355,0.475,4.447,4.274,1,0,1,0,0,2,Watch,Excessive vibration
2026-01-02 04:00:00,SITE_03,BLDG_05,ASSET_024,Pump,21.807,0.458,4.764,4.313,1,0,1,0,0,2,Watch,Excessive vibration
2026-01-02 04:15:00,SITE_03,BLDG_05,ASSET_024,Pump,21.967,0.467,4.56,1.872,1,0,1,0,0,2,Watch,Excessive vibration
2026-01-02 04:30:00,SITE_03,BLDG_05,ASSET_024,Pump,22.012,0.435,4.643,7.77,1,0,1,0,1,3,Anomaly,Excessive vibration
2026-01-02 04:45:00,SITE_03,BLDG_05,ASSET_024,Pump,20.707,0.525,4.542,0.832,1,0,1,0,1,3,Anomaly,Excessive vibration
2026-01-02 05:00:00,SITE_03,BLDG_05,ASSET_024,Pump,22.074,0.382,4.821,5.294,1,0,0,0,1,2,Watch,Excessive vibration
2026-01-02 05:15:00,SITE_03,BLDG_05,ASSET_024,Pump,22.614,0.541,4.775,5.151,1,0,1,0,0,2,Watch,Excessive vibration
2026-01-02 05:30:00,SITE_03,BLDG_05,ASSET_024,Pump,21.96,0.535,4.761,9.937,1,0,1,0,0,2,Watch,Excessive vibration
2026-01-02 06:00:00,SITE_03,BLDG_05,ASSET_024,Pump,22.836,0.528,4.926,4.821,1,0,1,0,0,2,Watch,Excessive vibration
2026-01-02 06:15:00,SITE_03,BLDG_05,ASSET_024,Pump,23.439,0.539,4.769,4.399,1,0,1,0,0,2,Watch,Excessive vibration
2026-01-02 06:30:00,SITE_03,BLDG_05,ASSET_024,Pump,23.834,0.552,4.755,6.21,1,0,1,0,0,2,Watch,Excessive vibration
2026-01-02 06:45:00,SITE_03,BLDG_05,ASSET_024,Pump,23.99,0.532,4.707,4.06,1,1,1,0,0,3,Anomaly,Excessive vibration
2026-01-02 07:00:00,SITE_03,BLDG_05,ASSET_024,Pump,23.711,0.582,4.498,12.493,1,0,1,0,0,2,Watch,Excessive vibration
2026-01-02 07:15:00,SITE_03,BLDG_05,ASSET_024,Pump,24.216,0.638,4.427,2.41,1,1,1,0,0,3,Anomaly,Excessive vibration
2026-01-02 07:30:00,SITE_03,BLDG_05,ASSET_024,Pump,24.508,0.623,4.979,3.228,1,1,1,1,0,4,Critical,Excessive vibration
2026-01-02 07:45:00,SITE_03,BLDG_05,ASSET_024,Pump,24.184,0.695,4.931,2.853,1,1,1,0,0,3,Anomaly,Excessive vibration
2026-01-02 08:00:00,SITE_03,BLDG_05,ASSET_024,Pump,24.047,0.711,4.87,11.021,1,1,1,0,0,3,Anomaly,Excessive vibration
2026-01-02 08:15:00,SITE_03,BLDG_05,ASSET_024,Pump,23.955,0.758,4.647,15.666,1,1,1,0,0,3,Anomaly,Excessive vibration
2026-01-02 08:30:00,SITE_03,BLDG_05,ASSET_024,Pump,25.246,0.781,4.334,13.263,1,1,1,0,0,3,Anomaly,Excessive vibration
2026-01-02 08:45:00,SITE_03,BLDG_05,ASSET_024,Pump,25.464,0.665,4.885,34.294,1,1,1,0,0,3,Anomaly,Excessive vibration
2026-01-02 09:00:00,SITE_03,BLDG_05,ASSET_024,Pump,25.507,0.834,4.891,6.546,1,1,1,0,0,3,Anomaly,Excessive vibration
2026-01-02 09:15:00,SITE_03,BLDG_05,ASSET_024,Pump,26.156,0.693,4.884,11.385,1,1,1,1,0,4,Critical,Excessive vibration
2026-01-02 09:30:00,SITE_03,BLDG_05,ASSET_024,Pump,25.068,0.772,4.813,12.092,1,1,1,0,0,3,Anomaly,Excessive vibration
2026-01-02 09:45:00,SITE_03,BLDG_05,ASSET_024,Pump,25.553,0.823,4.939,12.1,1,1,1,0,0,3,Anomaly,Excessive vibration
2026-01-02 10:15:00,SITE_03,BLDG_05,ASSET_024,Pump,26.11,0.981,4.719,12.636,1,1,1,1,0,4,Critical,Excessive vibration
2026-01-02 10:30:00,SITE_03,BLDG_05,ASSET_024,Pump,26.236,0.752,5.052,11.049,1,1,1,1,0,4,Critical,Excessive vibration
2026-01-02 10:45:00,SITE_03,BLDG_05,ASSET_024,Pump,25.904,0.913,4.719,11.249,1,1,1,0,0,3,Anomaly,Excessive vibration
2026-01-02 11:00:00,SITE_03,BLDG_05,ASSET_024,Pump,26.537,0.625,5.184,10.144,1,1,1,0,0,3,Anomaly,Excessive vibration
2026-01-02 11:15:00,SITE_03,BLDG_05,ASSET_024,Pump,26.097,0.72,4.797,16.395,1,1,1,0,0,3,Anomaly,Excessive vibration
2026-01-02 11:30:00,SITE_03,BLDG_05,ASSET_024,Pump,25.913,0.958,4.925,14.769,1,1,1,0,0,3,Anomaly,Excessive vibration
2026-01-02 11:45:00,SITE_03,BLDG_05,ASSET_024,Pump,26.022,0.668,5.04,10.813,1,1,1,0,0,3,Anomaly,Excessive vibration
2026-01-02 12:00:00,SITE_03,BLDG_05,ASSET_024,Pump,25.642,0.773,5.059,10.815,1,1,1,0,0,3,Anomaly,Excessive vibration
2026-01-02 12:15:00,SITE_03,BLDG_05,ASSET_024,Pump,26.498,1.061,5.135,12.575,1,1,1,0,0,3,Anomaly,Excessive vibration
2026-01-02 12:30:00,SITE_03,BLDG_05,ASSET_024,Pump,25.946,0.649,5.184,17.638,1,1,1,0,0,3,Anomaly,Excessive vibration
2026-01-02 13:15:00,SITE_03,BLDG_05,ASSET_024,Pump,25.913,,4.101,13.235,0,1,1,0,0,2,Watch,Multivariate abnormal behavior
2026-01-03 19:00:00,SITE_03,BLDG_05,ASSET_024,Pump,22.427,0.2,4.143,23.98,1,0,1,0,0,2,Watch,Sudden power deviation
2026-01-05 15:00:00,SITE_03,BLDG_05,ASSET_024,Pump,25.198,0.201,4.359,29.536,1,0,1,0,0,2,Watch,Sudden power deviation
2026-01-06 00:15:00,SITE_03,BLDG_05,ASSET_024,Pump,20.137,0.19,3.931,0.414,1,0,1,0,0,2,Watch,Abnormal pressure
2026-01-07 06:45:00,SITE_03,BLDG_05,ASSET_024,Pump,22.321,1.12,4.492,4.661,1,0,1,0,0,2,Watch,Excessive vibration
2026-01-07 12:45:00,SITE_03,BLDG_05,ASSET_024,Pump,25.863,0.214,3.936,8.912,1,0,1,0,0,2,Watch,Abnormal pressure
2026-01-09 04:30:00,SITE_03,BLDG_05,ASSET_024,Pump,21.451,0.791,4.239,7.627,1,0,1,0,0,2,Watch,Excessive vibration
2026-01-10 12:30:00,SITE_03,BLDG_05,ASSET_024,Pump,26.583,0.238,3.91,8.362,1,0,1,0,0,2,Watch,Abnormal pressure
2026-01-10 19:00:00,SITE_03,BLDG_05,ASSET_024,Pump,21.994,0.096,4.396,0.701,1,0,1,0,0,2,Watch,Excessive vibration
2026-01-11 05:30:00,SITE_03,BLDG_05,ASSET_024,Pump,22.993,0.347,4.427,2.864,1,1,0,0,0,2,Watch,Excessive vibration
2026-01-13 14:15:00,SITE_03,BLDG_05,ASSET_024,Pump,26.573,0.346,4.336,10.416,1,1,0,0,0,2,Watch,Excessive vibration
2026-01-15 13:45:00,SITE_03,BLDG_05,ASSET_024,Pump,26.138,1.335,4.911,10.829,1,1,1,0,0,3,Anomaly,Excessive vibration
2026-01-16 19:45:00,SITE_03,BLDG_05,ASSET_024,Pump,21.229,0.167,4.653,28.346,1,0,1,0,0,2,Watch,Sudden power deviation
2026-01-17 11:45:00,SITE_03,BLDG_05,ASSET_024,Pump,25.835,0.825,4.609,9.495,1,1,1,0,0,3,Anomaly,Excessive vibration
2026-01-19 10:30:00,SITE_03,BLDG_05,ASSET_024,Pump,25.171,0.256,4.156,34.758,1,0,1,0,0,2,Watch,Sudden power deviation
2026-01-23 16:15:00,SITE_03,BLDG_05,ASSET_024,Pump,25.489,0.224,3.844,13.936,1,0,1,0,0,2,Watch,Abnormal pressure
2026-01-23 17:15:00,SITE_03,BLDG_05,ASSET_024,Pump,22.972,0.12,4.258,10.399,1,1,0,0,0,2,Watch,Excessive vibration
2026-01-27 12:30:00,SITE_03,BLDG_05,ASSET_024,Pump,25.092,0.379,4.316,11.403,1,1,0,0,0,2,Watch,Excessive vibration
2026-01-29 08:30:00,SITE_03,BLDG_05,ASSET_024,Pump,24.974,0.221,4.97,33.96,1,0,1,0,0,2,Watch,Sudden power deviation
2026-01-31 20:45:00,SITE_03,BLDG_05,ASSET_024,Pump,21.641,0.501,4.883,7.941,1,1,1,0,0,3,Anomaly,Excessive vibration
2026-01-31 21:00:00,SITE_03,BLDG_05,ASSET_024,Pump,20.906,0.431,4.705,3.239,1,0,1,0,0,2,Watch,Excessive vibration
2026-01-31 21:30:00,SITE_03,BLDG_05,ASSET_024,Pump,20.524,0.474,4.548,6.277,1,0,1,0,1,3,Anomaly,Excessive vibration
2026-01-31 21:45:00,SITE_03,BLDG_05,ASSET_024,Pump,20.651,0.422,4.75,4.391,1,0,1,0,1,3,Anomaly,Excessive vibration
2026-01-31 22:00:00,SITE_03,BLDG_05,ASSET_024,Pump,20.659,0.368,4.835,0.833,1,0,1,0,0,2,Watch,Excessive vibration
2026-01-31 22:15:00,SITE_03,BLDG_05,ASSET_024,Pump,20.808,0.433,4.568,11.442,1,0,1,0,0,2,Watch,Excessive vibration
2026-01-31 22:30:00,SITE_03,BLDG_05,ASSET_024,Pump,20.742,0.541,4.905,10.902,1,0,1,1,0,3,Anomaly,Excessive vibration
2026-01-31 22:45:00,SITE_03,BLDG_05,ASSET_024,Pump,21.194,0.551,4.516,2.267,1,0,1,0,0,2,Watch,Excessive vibration
2026-01-31 23:00:00,SITE_03,BLDG_05,ASSET_024,Pump,20.246,0.496,4.793,10.297,1,1,1,0,0,3,Anomaly,Excessive vibration
2026-01-31 23:15:00,SITE_03,BLDG_05,ASSET_024,Pump,20.579,0.552,4.609,4.308,1,0,1,0,0,2,Watch,Excessive vibration
2026-01-31 23:30:00,SITE_03,BLDG_05,ASSET_024,Pump,19.933,0.625,4.658,2.96,1,1,1,0,1,4,Critical,Excessive vibration
2026-01-31 23:45:00,SITE_03,BLDG_05,ASSET_024,Pump,19.866,0.664,4.667,0.761,1,1,1,0,0,3,Anomaly,Excessive vibration
2026-02-01 00:00:00,SITE_03,BLDG_05,ASSET_024,Pump,20.261,0.428,4.671,3.411,1,0,1,0,0,2,Watch,Excessive vibration
2026-02-01 00:15:00,SITE_03,BLDG_05,ASSET_024,Pump,19.669,0.589,4.836,11.489,1,0,1,0,0,2,Watch,Excessive vibration
2026-02-01 00:30:00,SITE_03,BLDG_05,ASSET_024,Pump,20.353,0.615,5.001,1.435,1,0,1,0,0,2,Watch,Excessive vibration
2026-02-01 00:45:00,SITE_03,BLDG_05,ASSET_024,Pump,20.524,0.622,4.724,0.706,1,0,1,0,0,2,Watch,Excessive vibration
2026-02-01 01:00:00,SITE_03,BLDG_05,ASSET_024,Pump,19.253,0.496,5.003,5.695,1,1,1,0,0,3,Anomaly,Excessive vibration
2026-02-01 01:15:00,SITE_03,BLDG_05,ASSET_024,Pump,20.354,0.689,4.584,4.482,1,1,1,0,0,3,Anomaly,Excessive vibration
2026-02-01 01:30:00,SITE_03,BLDG_05,ASSET_024,Pump,20.597,0.607,4.966,4.935,1,0,1,1,0,3,Anomaly,Excessive vibration
2026-02-01 01:45:00,SITE_03,BLDG_05,ASSET_024,Pump,20.633,0.503,4.175,13.452,1,1,1,1,0,4,Critical,Excessive vibration
2026-02-01 02:00:00,SITE_03,BLDG_05,ASSET_024,Pump,21.908,0.724,5.146,5.174,1,1,1,1,0,4,Critical,Excessive vibration
2026-02-01 02:15:00,SITE_03,BLDG_05,ASSET_024,Pump,19.694,0.531,4.648,2.982,1,1,1,0,0,3,Anomaly,Excessive vibration
2026-02-01 02:30:00,SITE_03,BLDG_05,ASSET_024,Pump,19.384,0.699,4.456,3.66,1,1,1,0,0,3,Anomaly,Excessive vibration
2026-02-01 02:45:00,SITE_03,BLDG_05,ASSET_024,Pump,20.205,0.673,4.898,9.203,1,1,1,0,0,3,Anomaly,Excessive vibration
2026-02-01 03:00:00,SITE_03,BLDG_05,ASSET_024,Pump,20.858,0.85,4.879,1.892,1,1,1,0,0,3,Anomaly,Excessive vibration
2026-02-01 03:15:00,SITE_03,BLDG_05,ASSET_024,Pump,20.242,0.727,4.527,2.512,1,1,1,1,0,4,Critical,Excessive vibration
2026-02-01 03:30:00,SITE_03,BLDG_05,ASSET_024,Pump,21.075,0.618,4.684,7.809,1,1,1,1,0,4,Critical,Excessive vibration
2026-02-01 03:45:00,SITE_03,BLDG_05,ASSET_024,Pump,22.057,0.887,4.677,5.543,1,1,1,0,0,3,Anomaly,Excessive vibration
2026-02-01 04:00:00,SITE_03,BLDG_05,ASSET_024,Pump,21.436,0.695,4.947,13.792,1,1,1,0,0,3,Anomaly,Excessive vibration
2026-02-01 04:15:00,SITE_03,BLDG_05,ASSET_024,Pump,21.845,0.703,4.792,7.311,1,1,1,0,0,3,Anomaly,Excessive vibration
2026-02-01 04:30:00,SITE_03,BLDG_05,ASSET_024,Pump,21.818,0.889,4.567,6.48,1,1,1,0,0,3,Anomaly,Excessive vibration
2026-02-01 04:45:00,SITE_03,BLDG_05,ASSET_024,Pump,22.46,0.858,4.485,8.914,1,1,1,1,0,4,Critical,Excessive vibration
2026-02-01 05:00:00,SITE_03,BLDG_05,ASSET_024,Pump,21.997,0.742,4.749,12.362,1,1,1,0,0,3,Anomaly,Excessive vibration
2026-02-01 05:15:00,SITE_03,BLDG_05,ASSET_024,Pump,22.724,1.023,4.758,5.233,1,1,1,0,0,3,Anomaly,Excessive vibration
2026-02-01 05:30:00,SITE_03,BLDG_05,ASSET_024,Pump,,0.805,4.925,12.775,1,1,1,1,0,4,Critical,Excessive vibration
2026-02-01 05:45:00,SITE_03,BLDG_05,ASSET_024,Pump,22.48,0.879,5.277,2.635,1,1,1,1,0,4,Critical,Excessive vibration
2026-02-01 06:00:00,SITE_03,BLDG_05,ASSET_024,Pump,23.069,0.716,4.783,1.056,1,1,1,0,0,3,Anomaly,Excessive vibration
2026-02-01 06:15:00,SITE_03,BLDG_05,ASSET_024,Pump,23.081,1.066,4.874,3.535,1,0,1,0,0,2,Watch,Excessive vibration
2026-02-03 11:45:00,SITE_03,BLDG_05,ASSET_024,Pump,26.46,0.348,4.368,15.752,1,1,0,0,0,2,Watch,Excessive vibration
2026-02-04 18:30:00,SITE_03,BLDG_05,ASSET_024,Pump,22.583,0.225,5.129,9.201,1,0,1,0,0,2,Watch,Abnormal pressure
2026-02-05 02:15:00,SITE_03,BLDG_05,ASSET_024,Pump,19.306,0.225,3.947,0.25,1,0,1,0,0,2,Watch,Abnormal pressure
2026-02-05 13:15:00,SITE_03,BLDG_05,ASSET_024,Pump,26.591,0.173,4.275,21.71,1,0,1,0,0,2,Watch,Sudden power deviation
2026-02-05 17:30:00,SITE_03,BLDG_05,ASSET_024,Pump,24.436,0.12,4.821,7.282,1,1,0,0,0,2,Watch,Excessive vibration
2026-02-06 06:00:00,SITE_03,BLDG_05,ASSET_024,Pump,24.006,0.236,3.775,3.82,1,0,1,0,0,2,Watch,Abnormal pressure
2026-02-10 08:45:00,SITE_03,BLDG_05,ASSET_024,Pump,24.874,0.265,4.806,23.444,1,0,1,0,0,2,Watch,Sudden power deviation
2026-02-11 13:15:00,SITE_03,BLDG_05,ASSET_024,Pump,25.893,0.187,3.908,10.076,1,0,1,0,0,2,Watch,Abnormal pressure
2026-02-12 13:30:00,SITE_03,BLDG_05,ASSET_024,Pump,25.516,0.227,3.942,12.766,1,1,0,0,0,2,Watch,Abnormal pressure
2026-02-14 08:00:00,SITE_03,BLDG_05,ASSET_024,Pump,24.29,0.745,4.612,9.491,1,0,1,0,0,2,Watch,Excessive vibration
2026-02-15 08:45:00,SITE_03,BLDG_05,ASSET_024,Pump,23.416,0.153,4.678,27.083,1,0,1,0,0,2,Watch,Sudden power deviation
2026-02-16 08:30:00,SITE_03,BLDG_05,ASSET_024,Pump,24.32,0.171,3.923,9.123,1,0,1,0,0,2,Watch,Abnormal pressure
2026-02-20 15:15:00,SITE_03,BLDG_05,ASSET_024,Pump,25.683,0.288,5.105,13.702,1,1,0,0,0,2,Watch,Abnormal pressure
2026-02-22 05:30:00,SITE_03,BLDG_05,ASSET_024,Pump,22.469,0.436,4.467,8.529,1,0,1,0,0,2,Watch,Excessive vibration
2026-02-22 05:45:00,SITE_03,BLDG_05,ASSET_024,Pump,23.057,0.483,4.252,6.313,1,1,1,1,1,5,Critical,Excessive vibration
2026-02-22 06:00:00,SITE_03,BLDG_05,ASSET_024,Pump,22.829,0.397,4.581,10.559,1,0,0,0,1,2,Watch,Excessive vibration
2026-02-22 06:15:00,SITE_03,BLDG_05,ASSET_024,Pump,23.029,0.496,4.856,3.782,1,0,1,0,1,3,Anomaly,Excessive vibration
2026-02-22 06:30:00,SITE_03,BLDG_05,ASSET_024,Pump,23.335,0.369,4.645,8.942,1,0,0,0,1,2,Watch,Excessive vibration
2026-02-22 06:45:00,SITE_03,BLDG_05,ASSET_024,Pump,22.607,0.488,4.617,3.228,1,0,1,0,0,2,Watch,Excessive vibration
2026-02-22 07:00:00,SITE_03,BLDG_05,ASSET_024,Pump,23.893,0.458,5.039,5.998,1,1,1,0,0,3,Anomaly,Excessive vibration
2026-02-22 07:15:00,SITE_03,BLDG_05,ASSET_024,Pump,24.986,0.515,4.587,9.665,1,0,1,0,0,2,Watch,Excessive vibration
2026-02-22 07:45:00,SITE_03,BLDG_05,ASSET_024,Pump,22.421,0.66,4.65,8.211,1,0,1,0,0,2,Watch,Excessive vibration
2026-02-22 08:00:00,SITE_03,BLDG_05,ASSET_024,Pump,25.092,0.597,4.68,12.76,1,1,1,0,0,3,Anomaly,Excessive vibration
2026-02-22 08:15:00,SITE_03,BLDG_05,ASSET_024,Pump,24.321,0.483,4.621,8.222,1,0,1,0,0,2,Watch,Excessive vibration
2026-02-22 08:30:00,SITE_03,BLDG_05,ASSET_024,Pump,25.32,0.576,4.668,11.244,1,1,1,1,0,4,Critical,Excessive vibration
2026-02-22 08:45:00,SITE_03,BLDG_05,ASSET_024,Pump,24.606,0.648,4.494,9.904,1,0,1,0,0,2,Watch,Excessive vibration
2026-02-22 09:00:00,SITE_03,BLDG_05,ASSET_024,Pump,25.011,0.697,4.755,7.828,1,1,1,0,0,3,Anomaly,Excessive vibration
2026-02-22 09:15:00,SITE_03,BLDG_05,ASSET_024,Pump,26.172,0.602,4.437,11.25,1,1,1,0,0,3,Anomaly,Excessive vibration
2026-02-22 09:30:00,SITE_03,BLDG_05,ASSET_024,Pump,25.531,0.581,4.638,9.356,1,0,1,1,0,3,Anomaly,Excessive vibration
2026-02-22 09:45:00,SITE_03,BLDG_05,ASSET_024,Pump,24.39,0.623,4.298,11.054,1,0,1,0,0,2,Watch,Excessive vibration
2026-02-22 10:00:00,SITE_03,BLDG_05,ASSET_024,Pump,26.098,0.591,4.8,10.459,1,1,1,0,0,3,Anomaly,Excessive vibration
2026-02-22 10:15:00,SITE_03,BLDG_05,ASSET_024,Pump,24.974,0.756,4.613,6.369,1,1,1,0,0,3,Anomaly,Excessive vibration
2026-02-22 10:30:00,SITE_03,BLDG_05,ASSET_024,Pump,26.416,0.792,4.674,9.479,1,1,1,0,0,3,Anomaly,Excessive vibration
2026-02-22 10:45:00,SITE_03,BLDG_05,ASSET_024,Pump,25.603,0.525,4.868,7.651,1,1,1,0,0,3,Anomaly,Excessive vibration
2026-02-22 11:00:00,SITE_03,BLDG_05,ASSET_024,Pump,26.27,0.669,5.025,11.194,1,1,1,0,0,3,Anomaly,Excessive vibration
2026-02-22 11:15:00,SITE_03,BLDG_05,ASSET_024,Pump,26.108,0.849,4.892,9.433,1,1,1,0,0,3,Anomaly,Excessive vibration
2026-02-22 11:30:00,SITE_03,BLDG_05,ASSET_024,Pump,25.32,0.76,4.507,10.089,1,1,1,0,0,3,Anomaly,Excessive vibration
2026-02-22 11:45:00,SITE_03,BLDG_05,ASSET_024,Pump,25.957,0.915,5.018,5.195,1,1,1,0,0,3,Anomaly,Excessive vibration
2026-02-22 12:00:00,SITE_03,BLDG_05,ASSET_024,Pump,25.411,0.896,4.685,11.284,1,1,1,0,0,3,Anomaly,Excessive vibration
2026-02-22 12:15:00,SITE_03,BLDG_05,ASSET_024,Pump,25.352,0.91,4.367,8.886,1,1,1,0,0,3,Anomaly,Excessive vibration
2026-02-22 12:30:00,SITE_03,BLDG_05,ASSET_024,Pump,26.433,0.948,5.131,12.38,1,1,1,0,0,3,Anomaly,Excessive vibration
2026-02-22 12:45:00,SITE_03,BLDG_05,ASSET_024,Pump,25.711,0.812,5.048,9.177,1,1,1,0,0,3,Anomaly,Excessive vibration
2026-02-22 13:00:00,SITE_03,BLDG_05,ASSET_024,Pump,25.945,0.799,4.831,8.121,1,1,1,0,0,3,Anomaly,Excessive vibration
2026-02-22 13:15:00,SITE_03,BLDG_05,ASSET_024,Pump,26.487,0.664,5.22,7.7,1,1,1,1,0,4,Critical,Excessive vibration
2026-02-22 13:30:00,SITE_03,BLDG_05,ASSET_024,Pump,25.947,1.013,4.969,8.517,1,1,1,0,0,3,Anomaly,Excessive vibration
2026-02-22 13:45:00,SITE_03,BLDG_05,ASSET_024,Pump,26.156,0.927,4.339,10.335,1,1,1,0,0,3,Anomaly,Excessive vibration
2026-02-22 14:00:00,SITE_03,BLDG_05,ASSET_024,Pump,25.563,0.748,5.161,8.646,1,1,1,0,0,3,Anomaly,Excessive vibration
2026-02-22 14:15:00,SITE_03,BLDG_05,ASSET_024,Pump,26.31,0.845,4.752,9.345,1,1,1,0,0,3,Anomaly,Excessive vibration
2026-02-22 14:30:00,SITE_03,BLDG_05,ASSET_024,Pump,26.653,0.739,4.934,10.395,1,1,1,0,0,3,Anomaly,Excessive vibration
2026-02-22 23:15:00,SITE_03,BLDG_05,ASSET_024,Pump,20.54,0.769,4.342,2.035,1,0,1,0,0,2,Watch,Excessive vibration
2026-02-23 09:15:00,SITE_03,BLDG_05,ASSET_024,Pump,25.068,0.173,4.546,29.676,1,0,1,0,0,2,Watch,Sudden power deviation
2026-02-24 01:15:00,SITE_03,BLDG_05,ASSET_024,Pump,19.833,0.099,4.38,1.274,1,0,1,0,0,2,Watch,Excessive vibration
2026-03-04 04:45:00,SITE_03,BLDG_05,ASSET_024,Pump,,0.249,4.616,26.196,1,0,1,0,0,2,Watch,Sudden power deviation
2026-03-05 14:15:00,SITE_03,BLDG_05,ASSET_024,Pump,27.044,0.302,4.928,17.488,0,1,1,0,0,2,Watch,Multivariate abnormal behavior
2026-03-06 05:30:00,SITE_03,BLDG_05,ASSET_024,Pump,22.214,0.923,4.782,4.103,1,1,1,0,0,3,Anomaly,Excessive vibration
2026-03-06 15:15:00,SITE_03,BLDG_05,ASSET_024,Pump,25.528,0.245,4.465,23.837,1,0,1,0,0,2,Watch,Sudden power deviation
2026-03-06 17:00:00,SITE_03,BLDG_05,ASSET_024,Pump,23.476,0.342,4.446,12.822,1,1,0,0,0,2,Watch,Excessive vibration
2026-03-07 11:45:00,SITE_03,BLDG_05,ASSET_024,Pump,26.674,0.243,3.778,3.437,1,0,1,0,0,2,Watch,Abnormal pressure
2026-03-07 12:00:00,SITE_03,BLDG_05,ASSET_024,Pump,26.428,0.27,3.884,8.639,1,0,1,0,0,2,Watch,Abnormal pressure
2026-03-09 09:00:00,SITE_03,BLDG_05,ASSET_024,Pump,25.29,0.988,4.245,7.921,1,1,1,0,0,3,Anomaly,Excessive vibration
2026-03-09 11:45:00,SITE_03,BLDG_05,ASSET_024,Pump,26.651,0.342,4.295,12.367,1,1,0,0,0,2,Watch,Excessive vibration
2026-03-12 17:15:00,SITE_03,BLDG_05,ASSET_024,Pump,24.034,0.248,4.437,41.504,1,0,1,0,0,2,Watch,Sudden power deviation
2026-03-13 12:30:00,SITE_03,BLDG_05,ASSET_024,Pump,26.171,0.212,3.926,12.354,1,0,1,0,0,2,Watch,Abnormal pressure
2026-03-15 10:15:00,SITE_03,BLDG_05,ASSET_024,Pump,25.727,0.165,3.904,8.387,1,0,1,0,0,2,Watch,Abnormal pressure
2026-03-17 10:00:00,SITE_03,BLDG_05,ASSET_024,Pump,25.396,0.388,4.243,5.823,1,1,0,0,0,2,Watch,Excessive vibration
2026-03-25 15:30:00,SITE_03,BLDG_05,ASSET_024,Pump,24.982,0.165,4.749,15.126,0,1,1,0,0,2,Watch,Multivariate abnormal behavior
2026-03-26 15:45:00,SITE_03,BLDG_05,ASSET_024,Pump,26.213,0.209,3.919,14.812,1,0,1,0,0,2,Watch,Abnormal pressure
2026-03-27 01:30:00,SITE_03,BLDG_05,ASSET_024,Pump,19.184,0.247,3.903,0.25,1,0,1,0,0,2,Watch,Abnormal pressure
2026-03-29 10:15:00,SITE_03,BLDG_05,ASSET_024,Pump,26.175,0.208,3.737,10.393,1,0,1,0,0,2,Watch,Abnormal pressure
2026-03-30 15:30:00,SITE_03,BLDG_05,ASSET_024,Pump,25.59,0.191,3.844,12.647,1,0,1,0,0,2,Watch,Abnormal pressure
2026-01-02 12:45:00,SITE_03,BLDG_05,ASSET_025,Energy Meter,23.969,0.051,1.297,110.082,1,0,1,0,0,2,Watch,Abnormal pressure
2026-01-03 03:45:00,SITE_03,BLDG_05,ASSET_025,Energy Meter,18.378,0.086,0.669,58.432,1,0,1,0,0,2,Watch,Abnormal pressure
2026-01-07 03:15:00,SITE_03,BLDG_05,ASSET_025,Energy Meter,19.072,0.079,0.674,59.086,1,0,1,0,0,2,Watch,Abnormal pressure
2026-01-07 17:30:00,SITE_03,BLDG_05,ASSET_025,Energy Meter,20.937,0.103,1.092,144.647,0,1,0,1,0,2,Watch,Multivariate outlier
2026-01-08 08:45:00,SITE_03,BLDG_05,ASSET_025,Energy Meter,23.274,0.062,1.188,104.819,0,1,1,0,0,2,Watch,Multivariate abnormal behavior
2026-01-11 01:45:00,SITE_03,BLDG_05,ASSET_025,Energy Meter,18.815,0.474,1.283,32.978,1,0,1,0,0,2,Watch,Excessive vibration
2026-01-11 14:15:00,SITE_03,BLDG_05,ASSET_025,Energy Meter,23.951,0.052,1.337,67.761,1,0,1,0,0,2,Watch,Abnormal pressure
2026-01-13 15:45:00,SITE_03,BLDG_05,ASSET_025,Energy Meter,23.144,0.139,0.983,112.997,1,1,0,0,0,2,Watch,Excessive vibration
2026-01-14 17:45:00,SITE_03,BLDG_05,ASSET_025,Energy Meter,21.614,0.105,1.082,306.987,1,1,1,0,0,3,Anomaly,Sudden power deviation
2026-01-15 14:15:00,SITE_03,BLDG_05,ASSET_025,Energy Meter,23.754,0.074,1.296,109.372,1,0,1,0,0,2,Watch,Abnormal pressure
2026-01-20 08:00:00,SITE_03,BLDG_05,ASSET_025,Energy Meter,22.656,0.038,1.121,106.869,0,1,1,0,0,2,Watch,Multivariate abnormal behavior
2026-01-24 10:45:00,SITE_03,BLDG_05,ASSET_025,Energy Meter,23.955,0.103,0.698,65.317,1,0,1,0,0,2,Watch,Abnormal pressure
2026-01-26 15:30:00,SITE_03,BLDG_05,ASSET_025,Energy Meter,23.346,0.01,0.769,98.093,1,1,0,0,0,2,Watch,Excessive vibration
2026-01-27 21:00:00,SITE_03,BLDG_05,ASSET_025,Energy Meter,18.746,0.301,1.09,34.421,1,0,1,0,0,2,Watch,Excessive vibration
2026-02-13 12:00:00,SITE_03,BLDG_05,ASSET_025,Energy Meter,24.445,0.066,0.854,280.782,1,1,1,0,0,3,Anomaly,Sudden power deviation
2026-02-16 16:00:00,SITE_03,BLDG_05,ASSET_025,Energy Meter,21.013,0.035,0.707,93.667,1,1,0,0,0,2,Watch,Abnormal pressure
2026-02-18 12:30:00,SITE_03,BLDG_05,ASSET_025,Energy Meter,23.786,0.023,1.166,99.355,1,0,1,0,0,2,Watch,Excessive vibration
2026-02-20 18:45:00,SITE_03,BLDG_05,ASSET_025,Energy Meter,20.755,0.07,0.751,58.511,0,1,1,0,0,2,Watch,Multivariate abnormal behavior
2026-02-23 11:45:00,SITE_03,BLDG_05,ASSET_025,Energy Meter,24.426,0.022,1.211,115.415,1,0,1,0,0,2,Watch,Excessive vibration
2026-02-24 11:30:00,SITE_03,BLDG_05,ASSET_025,Energy Meter,23.971,0.092,0.914,192.622,1,1,1,0,0,3,Anomaly,Sudden power deviation
2026-02-26 10:15:00,SITE_03,BLDG_05,ASSET_025,Energy Meter,23.993,0.14,0.868,95.666,1,0,1,0,0,2,Watch,Excessive vibration
2026-02-26 15:30:00,SITE_03,BLDG_05,ASSET_025,Energy Meter,23.226,0.045,1.216,101.701,0,1,1,0,0,2,Watch,Multivariate abnormal behavior
2026-03-02 01:00:00,SITE_03,BLDG_05,ASSET_025,Energy Meter,18.149,0.364,1.108,34.087,1,0,1,0,0,2,Watch,Excessive vibration
2026-03-03 18:15:00,SITE_03,BLDG_05,ASSET_025,Energy Meter,20.679,0.14,1.088,93.856,1,1,0,0,0,2,Watch,Excessive vibration
2026-03-05 16:15:00,SITE_03,BLDG_05,ASSET_025,Energy Meter,22.975,0.088,0.926,170.144,1,1,0,0,0,2,Watch,Sudden power deviation
2026-03-16 18:00:00,SITE_03,BLDG_05,ASSET_025,Energy Meter,20.064,0.086,0.798,55.386,0,1,1,0,0,2,Watch,Multivariate abnormal behavior
2026-03-19 14:15:00,SITE_03,BLDG_05,ASSET_025,Energy Meter,23.234,0.059,1.009,299.396,1,1,1,0,0,3,Anomaly,Sudden power deviation
2026-03-24 03:00:00,SITE_03,BLDG_05,ASSET_025,Energy Meter,18.763,0.493,0.984,31.346,1,0,1,0,0,2,Watch,Excessive vibration
2026-03-27 13:30:00,SITE_03,BLDG_05,ASSET_025,Energy Meter,24.19,0.086,0.829,300.264,1,1,1,0,0,3,Anomaly,Sudden power deviation
2026-03-30 15:45:00,SITE_03,BLDG_05,ASSET_025,Energy Meter,24.071,0.084,1.072,244.113,1,1,1,0,0,3,Anomaly,Sudden power deviation
2026-03-31 13:45:00,SITE_03,BLDG_05,ASSET_025,Energy Meter,24.072,0.084,1.064,175.307,1,1,0,0,0,2,Watch,Sudden power deviation
2026-03-31 14:00:00,SITE_03,BLDG_05,ASSET_025,Energy Meter,23.204,0.059,1.291,93.102,1,0,1,0,0,2,Watch,Abnormal pressure
2026-03-31 19:30:00,SITE_03,BLDG_05,ASSET_025,Energy Meter,19.675,0.314,1.011,33.299,1,1,1,0,0,3,Anomaly,Excessive vibration
2026-01-01 12:45:00,SITE_03,BLDG_06,ASSET_026,Chiller,23.321,0.143,1.718,76.598,1,0,1,0,0,2,Watch,Abnormal pressure
2026-01-02 13:15:00,SITE_03,BLDG_06,ASSET_026,Chiller,24.885,0.104,1.602,93.083,1,0,1,0,0,2,Watch,Excessive vibration
2026-01-02 20:45:00,SITE_03,BLDG_06,ASSET_026,Chiller,19.657,0.3,1.565,9.655,1,0,1,0,0,2,Watch,Excessive vibration
2026-01-04 02:15:00,SITE_03,BLDG_06,ASSET_026,Chiller,18.6,0.668,1.614,7.583,1,0,1,0,0,2,Watch,Excessive vibration
2026-01-04 22:45:00,SITE_03,BLDG_06,ASSET_026,Chiller,18.166,0.637,1.633,10.101,1,0,1,0,0,2,Watch,Excessive vibration
2026-01-06 11:45:00,SITE_03,BLDG_06,ASSET_026,Chiller,23.628,0.872,1.402,78.519,1,1,1,0,0,3,Anomaly,Excessive vibration
2026-01-09 00:30:00,SITE_03,BLDG_06,ASSET_026,Chiller,17.696,0.166,1.767,46.479,1,0,1,0,0,2,Watch,Abnormal pressure
2026-01-10 18:00:00,SITE_03,BLDG_06,ASSET_026,Chiller,21.876,0.197,1.737,42.151,1,0,1,0,0,2,Watch,Abnormal pressure
2026-01-11 06:00:00,SITE_03,BLDG_06,ASSET_026,Chiller,21.522,0.938,1.509,36.346,1,0,1,0,0,2,Watch,Excessive vibration
2026-01-11 18:30:00,SITE_03,BLDG_06,ASSET_026,Chiller,20.196,1.156,1.552,40.914,1,1,1,0,0,3,Anomaly,Excessive vibration
2026-01-13 10:30:00,SITE_03,BLDG_06,ASSET_026,Chiller,23.979,0.167,1.59,101.99,0,1,1,0,0,2,Watch,Multivariate abnormal behavior
2026-01-15 19:00:00,SITE_03,BLDG_06,ASSET_026,Chiller,19.654,0.261,1.446,13.461,0,1,1,0,0,2,Watch,Multivariate abnormal behavior
2026-01-16 22:45:00,SITE_03,BLDG_06,ASSET_026,Chiller,19.457,0.103,1.541,45.806,1,0,1,0,0,2,Watch,Excessive vibration
2026-01-20 07:45:00,SITE_03,BLDG_06,ASSET_026,Chiller,21.564,0.965,1.511,14.612,1,0,1,0,0,2,Watch,Excessive vibration
2026-01-21 13:00:00,SITE_03,BLDG_06,ASSET_026,Chiller,23.964,0.105,1.485,76.838,1,0,1,0,0,2,Watch,Excessive vibration
2026-01-22 11:30:00,SITE_03,BLDG_06,ASSET_026,Chiller,24.588,0.148,1.494,240.313,1,1,1,0,0,3,Anomaly,Sudden power deviation
2026-01-30 09:45:00,SITE_03,BLDG_06,ASSET_026,Chiller,23.393,0.269,1.551,77.97,1,1,0,0,0,2,Watch,Excessive vibration
2026-02-04 12:00:00,SITE_03,BLDG_06,ASSET_026,Chiller,23.737,0.155,1.744,94.341,1,0,1,0,0,2,Watch,Abnormal pressure
2026-02-04 19:30:00,SITE_03,BLDG_06,ASSET_026,Chiller,20.657,0.104,1.57,43.557,1,0,1,0,0,2,Watch,Excessive vibration
2026-02-08 13:30:00,SITE_03,BLDG_06,ASSET_026,Chiller,24.388,0.901,1.578,50.889,1,1,1,0,0,3,Anomaly,Excessive vibration
2026-02-10 11:15:00,SITE_03,BLDG_06,ASSET_026,Chiller,23.836,0.105,1.562,91.604,1,0,1,0,0,2,Watch,Excessive vibration
2026-02-13 13:00:00,SITE_03,BLDG_06,ASSET_026,Chiller,23.916,0.129,1.662,87.405,0,1,1,0,0,2,Watch,Multivariate abnormal behavior
2026-02-13 15:30:00,SITE_03,BLDG_06,ASSET_026,Chiller,23.744,0.205,1.271,99.858,1,1,0,0,0,2,Watch,Abnormal pressure
2026-02-15 08:00:00,SITE_03,BLDG_06,ASSET_026,Chiller,22.659,0.169,1.718,48.975,1,0,1,0,0,2,Watch,Abnormal pressure
2026-02-15 14:00:00,SITE_03,BLDG_06,ASSET_026,Chiller,24.167,0.552,1.543,60.279,1,1,1,1,0,4,Critical,Excessive vibration
2026-02-18 21:45:00,SITE_03,BLDG_06,ASSET_026,Chiller,17.78,0.175,1.554,48.011,0,1,1,0,0,2,Watch,Multivariate abnormal behavior
2026-02-19 08:30:00,SITE_03,BLDG_06,ASSET_026,Chiller,22.987,0.123,1.432,103.004,0,1,1,0,0,2,Watch,Multivariate abnormal behavior
2026-02-23 11:15:00,SITE_03,BLDG_06,ASSET_026,Chiller,23.604,0.156,1.589,93.248,0,1,1,0,0,2,Watch,Multivariate abnormal behavior
2026-02-26 08:45:00,SITE_03,BLDG_06,ASSET_026,Chiller,22.852,0.084,1.518,89.959,1,1,1,0,0,3,Anomaly,Excessive vibration
2026-02-26 12:00:00,SITE_03,BLDG_06,ASSET_026,Chiller,24.08,0.231,1.439,175.199,1,1,1,0,0,3,Anomaly,Sudden power deviation
2026-03-01 11:30:00,SITE_03,BLDG_06,ASSET_026,Chiller,24.103,0.096,1.576,53.025,1,0,1,0,0,2,Watch,Excessive vibration
2026-03-04 12:45:00,SITE_03,BLDG_06,ASSET_026,Chiller,23.824,0.166,1.724,80.895,1,0,1,0,0,2,Watch,Abnormal pressure
2026-03-04 19:00:00,SITE_03,BLDG_06,ASSET_026,Chiller,20.511,0.284,1.495,7.789,1,1,0,0,0,2,Watch,Excessive vibration
2026-03-06 02:45:00,SITE_03,BLDG_06,ASSET_026,Chiller,17.699,0.272,1.484,51.89,1,0,1,0,0,2,Watch,Excessive vibration
2026-03-10 15:45:00,SITE_03,BLDG_06,ASSET_026,Chiller,23.509,0.15,1.625,81.268,0,1,1,0,0,2,Watch,Multivariate abnormal behavior
2026-03-13 17:30:00,SITE_03,BLDG_06,ASSET_026,Chiller,21.06,0.283,1.383,77.034,1,1,0,0,0,2,Watch,Excessive vibration
2026-03-14 04:30:00,SITE_03,BLDG_06,ASSET_026,Chiller,19.762,0.211,1.735,43.925,1,0,1,0,0,2,Watch,Abnormal pressure
2026-03-15 03:30:00,SITE_03,BLDG_06,ASSET_026,Chiller,17.872,0.16,1.722,36.195,1,0,1,0,0,2,Watch,Abnormal pressure
2026-03-16 08:15:00,SITE_03,BLDG_06,ASSET_026,Chiller,21.451,0.111,1.716,85.297,1,1,1,0,0,3,Anomaly,Excessive vibration
2026-03-20 11:00:00,SITE_03,BLDG_06,ASSET_026,Chiller,23.954,0.865,1.447,74.011,1,1,1,0,0,3,Anomaly,Excessive vibration
2026-03-23 09:15:00,SITE_03,BLDG_06,ASSET_026,Chiller,22.217,0.138,1.663,76.497,0,1,1,0,0,2,Watch,Multivariate abnormal behavior
2026-03-23 13:45:00,SITE_03,BLDG_06,ASSET_026,Chiller,24.225,0.213,1.539,250.264,1,1,1,0,0,3,Anomaly,Sudden power deviation
2026-03-26 09:00:00,SITE_03,BLDG_06,ASSET_026,Chiller,23.734,0.193,1.771,80.769,1,0,1,0,0,2,Watch,Abnormal pressure
2026-03-26 10:15:00,SITE_03,BLDG_06,ASSET_026,Chiller,23.403,0.1,1.517,86.241,1,0,1,0,0,2,Watch,Excessive vibration
2026-03-26 17:00:00,SITE_03,BLDG_06,ASSET_026,Chiller,21.755,0.165,1.65,88.06,0,1,1,0,0,2,Watch,Multivariate abnormal behavior
2026-01-08 02:00:00,SITE_03,BLDG_06,ASSET_027,AHU,19.029,0.109,0.642,11.377,1,0,1,0,0,2,Watch,Abnormal pressure
2026-01-18 14:00:00,SITE_03,BLDG_06,ASSET_027,AHU,25.401,0.343,0.972,14.415,1,0,1,0,0,2,Watch,Excessive vibration
2026-01-28 01:00:00,SITE_03,BLDG_06,ASSET_027,AHU,19.776,0.437,0.928,12.749,1,0,1,0,0,2,Watch,Excessive vibration
2026-02-05 18:30:00,SITE_03,BLDG_06,ASSET_027,AHU,21.805,0.334,0.937,29.28,1,0,1,0,0,2,Watch,Excessive vibration
2026-02-07 10:15:00,SITE_03,BLDG_06,ASSET_027,AHU,25.258,0.432,1.141,12.888,1,0,1,0,0,2,Watch,Excessive vibration
2026-03-02 07:15:00,SITE_03,BLDG_06,ASSET_027,AHU,23.818,0.51,0.92,11.547,1,0,1,0,0,2,Watch,Excessive vibration
2026-03-18 10:30:00,SITE_03,BLDG_06,ASSET_027,AHU,24.529,0.362,1.081,29.093,1,0,1,0,0,2,Watch,Excessive vibration
2026-01-14 07:45:00,SITE_03,BLDG_06,ASSET_028,AHU,21.411,0.49,0.954,10.32,1,0,1,0,0,2,Watch,Excessive vibration
2026-01-19 00:45:00,SITE_03,BLDG_06,ASSET_028,AHU,18.829,0.087,0.672,7.757,1,0,1,0,0,2,Watch,Abnormal pressure
2026-02-04 08:00:00,SITE_03,BLDG_06,ASSET_028,AHU,23.34,0.097,1.06,46.618,1,0,1,0,0,2,Watch,Sudden power deviation
2026-03-30 23:45:00,SITE_03,BLDG_06,ASSET_028,AHU,18.096,0.092,0.717,6.615,1,0,1,0,0,2,Watch,Abnormal pressure
2026-01-07 22:00:00,SITE_03,BLDG_06,ASSET_029,Pump,20.028,0.101,4.425,1.333,1,0,1,0,0,2,Watch,Excessive vibration
2026-01-09 13:45:00,SITE_03,BLDG_06,ASSET_029,Pump,25.256,0.307,4.563,30.398,1,1,1,0,0,3,Anomaly,Sudden power deviation
2026-01-13 02:45:00,SITE_03,BLDG_06,ASSET_029,Pump,20.323,0.639,4.254,0.51,1,1,1,0,0,3,Anomaly,Excessive vibration
2026-01-13 03:30:00,SITE_03,BLDG_06,ASSET_029,Pump,19.607,0.195,5.141,19.107,1,0,1,0,0,2,Watch,Abnormal pressure
2026-01-17 18:15:00,SITE_03,BLDG_06,ASSET_029,Pump,22.046,0.201,4.44,22.901,1,0,1,0,0,2,Watch,Sudden power deviation
2026-01-21 01:00:00,SITE_03,BLDG_06,ASSET_029,Pump,19.485,0.168,3.945,3.051,1,0,1,0,0,2,Watch,Abnormal pressure
2026-01-22 12:15:00,SITE_03,BLDG_06,ASSET_029,Pump,24.507,0.159,3.92,14.841,1,0,1,0,0,2,Watch,Abnormal pressure
2026-01-23 01:15:00,SITE_03,BLDG_06,ASSET_029,Pump,18.184,0.299,5.202,11.442,1,0,1,0,0,2,Watch,Abnormal pressure
2026-01-26 01:45:00,SITE_03,BLDG_06,ASSET_029,Pump,19.405,0.144,3.856,4.314,1,0,1,0,0,2,Watch,Abnormal pressure
2026-01-31 01:15:00,SITE_03,BLDG_06,ASSET_029,Pump,18.73,0.116,4.835,11.291,1,0,1,0,0,2,Watch,Excessive vibration
2026-02-01 02:45:00,SITE_03,BLDG_06,ASSET_029,Pump,20.457,0.117,4.292,1.243,1,0,1,0,0,2,Watch,Excessive vibration
2026-02-03 21:00:00,SITE_03,BLDG_06,ASSET_029,Pump,20.933,1.137,4.74,5.174,1,1,1,0,0,3,Anomaly,Excessive vibration
2026-02-03 21:15:00,SITE_03,BLDG_06,ASSET_029,Pump,19.566,0.332,5.164,5.019,1,1,0,0,0,2,Watch,Abnormal pressure
2026-02-12 15:00:00,SITE_03,BLDG_06,ASSET_029,Pump,25.356,0.378,4.334,13.073,1,0,1,0,0,2,Watch,Excessive vibration
2026-02-15 00:45:00,SITE_03,BLDG_06,ASSET_029,Pump,19.445,0.36,4.752,5.346,1,0,1,0,0,2,Watch,Excessive vibration
2026-02-15 04:45:00,SITE_03,BLDG_06,ASSET_029,Pump,20.773,0.193,3.94,2.052,1,0,1,0,0,2,Watch,Abnormal pressure
2026-02-19 02:45:00,SITE_03,BLDG_06,ASSET_029,Pump,19.742,0.383,4.698,5.591,1,0,1,0,0,2,Watch,Excessive vibration
2026-02-23 18:00:00,SITE_03,BLDG_06,ASSET_029,Pump,22.286,0.227,4.473,22.728,1,0,1,0,0,2,Watch,Sudden power deviation
2026-02-25 08:45:00,SITE_03,BLDG_06,ASSET_029,Pump,23.73,0.229,5.103,17.966,1,1,1,0,0,3,Anomaly,Abnormal pressure
2026-02-26 12:15:00,SITE_03,BLDG_06,ASSET_029,Pump,25.013,0.178,3.873,11.449,1,0,1,0,0,2,Watch,Abnormal pressure
2026-02-27 12:15:00,SITE_03,BLDG_06,ASSET_029,Pump,25.311,0.375,4.675,12.817,1,0,1,0,0,2,Watch,Excessive vibration
2026-03-02 13:30:00,SITE_03,BLDG_06,ASSET_029,Pump,25.609,0.243,5.074,15.533,1,0,1,0,0,2,Watch,Abnormal pressure
2026-03-03 13:15:00,SITE_03,BLDG_06,ASSET_029,Pump,26.17,0.305,4.589,32.352,1,1,1,0,0,3,Anomaly,Sudden power deviation
2026-03-06 17:15:00,SITE_03,BLDG_06,ASSET_029,Pump,22.616,0.37,4.609,4.497,1,1,0,0,0,2,Watch,Excessive vibration
2026-03-07 18:00:00,SITE_03,BLDG_06,ASSET_029,Pump,22.929,1.17,4.347,11.565,1,1,1,1,0,4,Critical,Excessive vibration
2026-03-09 04:45:00,SITE_03,BLDG_06,ASSET_029,Pump,21.609,0.202,3.814,2.868,1,0,1,0,0,2,Watch,Abnormal pressure
2026-03-12 11:15:00,SITE_03,BLDG_06,ASSET_029,Pump,25.573,0.369,4.804,10.732,1,1,0,0,0,2,Watch,Excessive vibration
2026-03-16 22:15:00,SITE_03,BLDG_06,ASSET_029,Pump,18.711,0.323,3.949,6.507,1,1,0,0,0,2,Watch,Abnormal pressure
2026-03-16 23:45:00,SITE_03,BLDG_06,ASSET_029,Pump,19.33,0.225,5.25,3.102,1,0,1,0,0,2,Watch,Abnormal pressure
2026-03-19 11:45:00,SITE_03,BLDG_06,ASSET_029,Pump,25.131,0.276,4.957,37.96,1,0,1,0,0,2,Watch,Sudden power deviation
2026-03-20 13:15:00,SITE_03,BLDG_06,ASSET_029,Pump,25.431,0.251,3.844,9.932,1,0,1,0,0,2,Watch,Abnormal pressure
2026-03-21 18:45:00,SITE_03,BLDG_06,ASSET_029,Pump,21.771,1.565,4.509,7.906,1,0,1,0,0,2,Watch,Excessive vibration
2026-03-26 03:15:00,SITE_03,BLDG_06,ASSET_029,Pump,20.732,0.11,4.518,0.25,1,0,1,0,0,2,Watch,Excessive vibration
2026-03-27 18:00:00,SITE_03,BLDG_06,ASSET_029,Pump,22.744,0.391,4.524,10.078,1,1,0,0,0,2,Watch,Excessive vibration
2026-03-31 18:00:00,SITE_03,BLDG_06,ASSET_029,Pump,21.667,0.211,5.068,7.055,1,1,0,0,0,2,Watch,Abnormal pressure
2026-01-01 17:30:00,SITE_03,BLDG_06,ASSET_030,Energy Meter,23.749,0.032,1.026,214.219,1,1,1,0,0,3,Anomaly,Sudden power deviation
2026-01-03 15:00:00,SITE_03,BLDG_06,ASSET_030,Energy Meter,24.71,0.069,0.951,193.396,1,0,1,0,0,2,Watch,Sudden power deviation
2026-01-04 12:00:00,SITE_03,BLDG_06,ASSET_030,Energy Meter,25.686,0.007,1.13,77.856,1,0,1,0,0,2,Watch,Excessive vibration
2026-01-05 05:15:00,SITE_03,BLDG_06,ASSET_030,Energy Meter,22.081,0.052,1.299,65.89,1,0,1,0,0,2,Watch,Abnormal pressure
2026-01-07 20:45:00,SITE_03,BLDG_06,ASSET_030,Energy Meter,20.748,0.085,0.716,56.495,1,0,1,0,0,2,Watch,Abnormal pressure
2026-01-09 23:45:00,SITE_03,BLDG_06,ASSET_030,Energy Meter,20.704,0.349,1.041,31.854,1,1,1,0,0,3,Anomaly,Excessive vibration
2026-01-12 19:30:00,SITE_03,BLDG_06,ASSET_030,Energy Meter,21.331,0.42,0.965,33.161,1,1,1,0,0,3,Anomaly,Excessive vibration
2026-01-13 02:00:00,SITE_03,BLDG_06,ASSET_030,Energy Meter,20.107,0.449,1.021,36.348,1,0,1,1,0,3,Anomaly,Excessive vibration
2026-01-15 14:15:00,SITE_03,BLDG_06,ASSET_030,Energy Meter,25.181,0.118,1.092,262.305,1,0,1,0,0,2,Watch,Sudden power deviation
2026-01-16 15:00:00,SITE_03,BLDG_06,ASSET_030,Energy Meter,24.371,0.086,0.674,80.268,1,1,0,0,0,2,Watch,Abnormal pressure
2026-01-20 15:00:00,SITE_03,BLDG_06,ASSET_030,Energy Meter,24.102,0.093,1.001,229.518,1,1,1,1,0,4,Critical,Sudden power deviation
2026-01-24 09:00:00,SITE_03,BLDG_06,ASSET_030,Energy Meter,24.829,0.492,1.019,73.847,1,0,1,0,0,2,Watch,Excessive vibration
2026-01-28 08:15:00,SITE_03,BLDG_06,ASSET_030,Energy Meter,24.117,0.581,0.732,105.185,1,1,1,1,0,4,Critical,Excessive vibration
2026-02-04 03:45:00,SITE_03,BLDG_06,ASSET_030,Energy Meter,20.298,0.086,0.653,52.729,1,0,1,0,0,2,Watch,Abnormal pressure
2026-02-09 09:45:00,SITE_03,BLDG_06,ASSET_030,Energy Meter,25.322,0.082,1.321,100.261,1,0,1,0,0,2,Watch,Abnormal pressure
2026-02-11 16:45:00,SITE_03,BLDG_06,ASSET_030,Energy Meter,23.058,0.064,0.712,109.301,1,1,0,0,0,2,Watch,Abnormal pressure
2026-03-04 23:15:00,SITE_03,BLDG_06,ASSET_030,Energy Meter,19.546,0.287,0.943,37.714,1,0,1,0,0,2,Watch,Excessive vibration
2026-03-05 15:15:00,SITE_03,BLDG_06,ASSET_030,Energy Meter,24.16,0.057,1.376,113.272,1,1,1,0,0,3,Anomaly,Abnormal pressure
2026-03-07 07:45:00,SITE_03,BLDG_06,ASSET_030,Energy Meter,23.013,0.214,1.017,37.282,1,0,1,0,0,2,Watch,Excessive vibration
2026-03-07 14:30:00,SITE_03,BLDG_06,ASSET_030,Energy Meter,24.788,0.059,1.379,68.926,1,0,1,0,0,2,Watch,Abnormal pressure
2026-03-10 14:00:00,SITE_03,BLDG_06,ASSET_030,Energy Meter,24.785,0.066,0.93,245.869,1,0,1,0,0,2,Watch,Sudden power deviation
2026-03-14 13:45:00,SITE_03,BLDG_06,ASSET_030,Energy Meter,24.46,0.548,0.87,74.112,1,1,1,1,0,4,Critical,Excessive vibration
2026-03-16 01:15:00,SITE_03,BLDG_06,ASSET_030,Energy Meter,19.697,0.05,1.371,65.545,1,0,1,0,0,2,Watch,Abnormal pressure
2026-03-21 08:45:00,SITE_03,BLDG_06,ASSET_030,Energy Meter,24.004,0.105,0.719,63.678,1,0,1,0,0,2,Watch,Abnormal pressure
2026-03-26 13:15:00,SITE_03,BLDG_06,ASSET_030,Energy Meter,26.081,0.049,1.11,120.828,0,1,1,0,0,2,Watch,Multivariate abnormal behavior
2026-03-28 07:15:00,SITE_03,BLDG_06,ASSET_030,Energy Meter,23.626,0.115,0.681,66.341,1,0,1,0,0,2,Watch,Abnormal pressure
